tomogram_name,x_coord,y_coord,z_coord,score
TS_0003.mrc,463,707,608,11.044801
TS_0003.mrc,83,393,568,10.783711
TS_0003.mrc,133,851,494,10.7368965
TS_0003.mrc,781,351,568,10.505695
TS_0003.mrc,113,855,494,10.441607
TS_0003.mrc,345,851,630,9.777506
TS_0003.mrc,375,827,630,9.647073
TS_0003.mrc,663,733,462,9.562178
TS_0003.mrc,593,277,560,9.56083
TS_0003.mrc,79,393,582,9.327677
TS_0003.mrc,403,269,562,9.240253
TS_0003.mrc,65,375,590,9.047336
TS_0003.mrc,349,535,586,8.901587
TS_0003.mrc,41,233,562,8.369431
TS_0003.mrc,683,135,390,8.331906
TS_0003.mrc,689,679,610,8.225708
TS_0003.mrc,251,591,592,7.970909
TS_0003.mrc,33,247,546,7.8867216
TS_0003.mrc,447,847,642,7.760577
TS_0003.mrc,471,751,632,7.5977206
TS_0003.mrc,425,857,660,7.4853888
TS_0003.mrc,461,753,618,7.3329945
TS_0003.mrc,393,15,520,7.193852
TS_0003.mrc,781,371,568,7.093618
TS_0003.mrc,347,17,518,7.089229
TS_0003.mrc,305,423,466,7.01325
TS_0003.mrc,465,103,532,7.000132
TS_0003.mrc,345,373,520,6.983987
TS_0003.mrc,451,413,570,6.973894
TS_0003.mrc,305,375,472,6.963889
TS_0003.mrc,593,279,572,6.9521356
TS_0003.mrc,487,855,638,6.908517
TS_0003.mrc,371,369,472,6.7027917
TS_0003.mrc,367,845,634,6.6550303
TS_0003.mrc,65,377,606,6.6080647
TS_0003.mrc,425,783,618,6.361996
TS_0003.mrc,79,379,566,6.27034
TS_0003.mrc,148,833,486,6.2630887
TS_0003.mrc,161,545,496,6.257802
TS_0003.mrc,421,465,522,6.253177
TS_0003.mrc,397,369,518,6.240525
TS_0003.mrc,469,711,620,6.115565
TS_0003.mrc,701,79,532,6.0581026
TS_0003.mrc,375,831,617,5.9889016
TS_0003.mrc,233,469,498,5.985884
TS_0003.mrc,281,223,496,5.7289467
TS_0003.mrc,391,617,560,5.671203
TS_0003.mrc,469,725,630,5.6612234
TS_0003.mrc,491,393,538,5.656096
TS_0003.mrc,149,833,473,5.641355
TS_0003.mrc,491,347,448,5.586346
TS_0003.mrc,395,665,536,5.5796866
TS_0003.mrc,445,847,654,5.518982
TS_0003.mrc,421,685,510,5.5051327
TS_0003.mrc,247,519,542,5.5013747
TS_0003.mrc,517,221,544,5.421858
TS_0003.mrc,473,845,642,5.410468
TS_0003.mrc,377,423,516,5.4013324
TS_0003.mrc,583,473,472,5.387001
TS_0003.mrc,469,755,536,5.384128
TS_0003.mrc,355,349,518,5.364869
TS_0003.mrc,451,469,462,5.357117
TS_0003.mrc,11,561,518,5.355114
TS_0003.mrc,447,735,512,5.3089137
TS_0003.mrc,469,447,492,5.298062
TS_0003.mrc,249,277,446,5.2775335
TS_0003.mrc,451,851,629,5.2620792
TS_0003.mrc,369,519,544,5.247395
TS_0003.mrc,489,319,444,5.2372084
TS_0003.mrc,611,417,490,5.2325797
TS_0003.mrc,417,563,512,5.225739
TS_0003.mrc,66,391,584,5.2247047
TS_0003.mrc,595,293,560,5.2218194
TS_0003.mrc,539,445,520,5.218825
TS_0003.mrc,159,471,472,5.2120175
TS_0003.mrc,283,707,582,5.193411
TS_0003.mrc,465,515,498,5.1805086
TS_0003.mrc,609,567,492,5.1796975
TS_0003.mrc,559,561,490,5.177042
TS_0003.mrc,319,589,536,5.1590858
TS_0003.mrc,115,853,474,5.1397486
TS_0003.mrc,161,831,492,5.1242843
TS_0003.mrc,779,349,580,5.104868
TS_0003.mrc,129,495,498,5.102106
TS_0003.mrc,161,175,536,5.0848246
TS_0003.mrc,609,443,498,5.063332
TS_0003.mrc,655,299,444,5.0455647
TS_0003.mrc,377,279,442,5.038148
TS_0003.mrc,345,759,588,5.0354986
TS_0003.mrc,277,469,538,5.017871
TS_0003.mrc,569,273,490,4.9953756
TS_0003.mrc,447,439,488,4.9806743
TS_0003.mrc,563,591,518,4.9770055
TS_0003.mrc,373,615,534,4.9748235
TS_0003.mrc,703,441,534,4.961967
TS_0003.mrc,203,641,492,4.9540377
TS_0003.mrc,561,175,474,4.948738
TS_0003.mrc,231,581,492,4.941129
TS_0003.mrc,67,393,568,4.909796
TS_0003.mrc,489,877,566,4.908335
TS_0003.mrc,611,463,474,4.9055805
TS_0003.mrc,519,703,536,4.9011083
TS_0003.mrc,391,151,416,4.887678
TS_0003.mrc,105,509,512,4.881765
TS_0003.mrc,163,327,486,4.861792
TS_0003.mrc,327,439,464,4.8337283
TS_0003.mrc,319,231,486,4.7978
TS_0003.mrc,113,733,488,4.7963676
TS_0003.mrc,297,251,494,4.7896013
TS_0003.mrc,735,105,468,4.7871385
TS_0003.mrc,43,709,560,4.7836056
TS_0003.mrc,395,569,520,4.77035
TS_0003.mrc,177,561,496,4.753604
TS_0003.mrc,259,535,538,4.7495823
TS_0003.mrc,187,831,536,4.7425513
TS_0003.mrc,343,561,514,4.7407174
TS_0003.mrc,473,517,510,4.7310443
TS_0003.mrc,161,563,522,4.7268953
TS_0003.mrc,131,485,522,4.722819
TS_0003.mrc,441,731,564,4.682029
TS_0003.mrc,419,777,568,4.676135
TS_0003.mrc,399,919,590,4.673453
TS_0003.mrc,825,33,438,4.672056
TS_0003.mrc,473,207,422,4.647555
TS_0003.mrc,177,401,492,4.646574
TS_0003.mrc,395,895,582,4.6393847
TS_0003.mrc,151,225,450,4.6393533
TS_0003.mrc,159,469,516,4.6331496
TS_0003.mrc,631,443,520,4.6306252
TS_0003.mrc,305,131,424,4.6293993
TS_0003.mrc,353,831,520,4.61877
TS_0003.mrc,447,561,474,4.615303
TS_0003.mrc,463,633,492,4.586097
TS_0003.mrc,679,397,440,4.577383
TS_0003.mrc,257,617,522,4.573013
TS_0003.mrc,321,249,446,4.56928
TS_0003.mrc,417,473,470,4.5665483
TS_0003.mrc,399,347,472,4.566209
TS_0003.mrc,545,375,466,4.5651345
TS_0003.mrc,349,183,470,4.563049
TS_0003.mrc,615,325,438,4.554279
TS_0003.mrc,59,629,496,4.53378
TS_0003.mrc,635,223,490,4.520377
TS_0003.mrc,353,799,566,4.5174065
TS_0003.mrc,395,873,562,4.505805
TS_0003.mrc,345,853,642,4.5011654
TS_0003.mrc,427,833,566,4.4990435
TS_0003.mrc,35,777,566,4.494836
TS_0003.mrc,255,421,472,4.494812
TS_0003.mrc,293,869,570,4.4927254
TS_0003.mrc,273,513,470,4.4742403
TS_0003.mrc,393,301,462,4.46886
TS_0003.mrc,209,709,570,4.468142
TS_0003.mrc,37,535,490,4.4667883
TS_0003.mrc,389,153,464,4.460571
TS_0003.mrc,691,463,542,4.45443
TS_0003.mrc,127,853,476,4.452996
TS_0003.mrc,655,397,488,4.4511805
TS_0003.mrc,283,637,486,4.4207025
TS_0003.mrc,155,751,498,4.418926
TS_0003.mrc,567,129,496,4.4154162
TS_0003.mrc,417,249,468,4.4124312
TS_0003.mrc,639,565,494,4.4031987
TS_0003.mrc,661,349,496,4.383434
TS_0003.mrc,283,473,474,4.3819304
TS_0003.mrc,43,847,586,4.372253
TS_0003.mrc,779,175,494,4.3667955
TS_0003.mrc,353,637,540,4.3642554
TS_0003.mrc,301,489,520,4.352103
TS_0003.mrc,207,895,590,4.348522
TS_0003.mrc,323,679,522,4.3179927
TS_0003.mrc,295,463,536,4.315504
TS_0003.mrc,469,367,534,4.3104653
TS_0003.mrc,185,247,474,4.3096976
TS_0003.mrc,395,847,628,4.304782
TS_0003.mrc,273,749,494,4.289696
TS_0003.mrc,67,611,522,4.2878165
TS_0003.mrc,659,105,416,4.274727
TS_0003.mrc,185,851,522,4.271409
TS_0003.mrc,301,395,534,4.260612
TS_0003.mrc,373,829,642,4.256916
TS_0003.mrc,469,183,416,4.2566366
TS_0003.mrc,81,881,538,4.2318225
TS_0003.mrc,471,487,510,4.225979
TS_0003.mrc,375,183,442,4.2207623
TS_0003.mrc,425,345,464,4.2200494
TS_0003.mrc,487,847,586,4.181954
TS_0003.mrc,201,563,496,4.1769557
TS_0003.mrc,395,371,470,4.1748004
TS_0003.mrc,247,299,440,4.168211
TS_0003.mrc,155,543,514,4.16365
TS_0003.mrc,619,321,464,4.1620903
TS_0003.mrc,545,107,486,4.15976
TS_0003.mrc,367,299,514,4.1591187
TS_0003.mrc,391,569,534,4.1588016
TS_0003.mrc,185,493,492,4.156911
TS_0003.mrc,425,437,534,4.156686
TS_0003.mrc,571,281,444,4.1545873
TS_0003.mrc,497,665,520,4.1503787
TS_0003.mrc,355,583,516,4.147773
TS_0003.mrc,281,611,522,4.1350293
TS_0003.mrc,729,135,440,4.132868
TS_0003.mrc,249,293,492,4.1190434
TS_0003.mrc,35,543,516,4.115852
TS_0003.mrc,499,563,534,4.1130257
TS_0003.mrc,701,347,492,4.1101675
TS_0003.mrc,369,199,474,4.1068687
TS_0003.mrc,425,295,516,4.099792
TS_0003.mrc,463,683,486,4.0980268
TS_0003.mrc,689,179,420,4.097159
TS_0003.mrc,61,628,592,4.0934453
TS_0003.mrc,341,631,512,4.0904107
TS_0003.mrc,753,373,536,4.0876737
TS_0003.mrc,591,825,516,4.0841274
TS_0003.mrc,537,129,418,4.0802364
TS_0003.mrc,425,735,540,4.0789776
TS_0003.mrc,131,559,494,4.0773883
TS_0003.mrc,223,563,546,4.0759935
TS_0003.mrc,349,439,494,4.0660114
TS_0003.mrc,259,617,538,4.065603
TS_0003.mrc,631,199,514,4.0651965
TS_0003.mrc,465,724,617,4.0563183
TS_0003.mrc,703,371,522,4.0522137
TS_0003.mrc,463,679,544,4.0495796
TS_0003.mrc,661,277,424,4.048143
TS_0003.mrc,511,469,464,4.0398164
TS_0003.mrc,131,255,446,4.0388727
TS_0003.mrc,491,583,536,4.0337567
TS_0003.mrc,275,351,490,4.0270376
TS_0003.mrc,641,465,472,4.0177817
TS_0003.mrc,323,373,448,3.9904518
TS_0003.mrc,349,180,450,3.9896975
TS_0003.mrc,223,392,492,3.9804125
TS_0003.mrc,585,321,464,3.974852
TS_0003.mrc,347,731,540,3.9689298
TS_0003.mrc,521,105,418,3.9674501
TS_0003.mrc,493,255,498,3.9532542
TS_0003.mrc,103,661,520,3.952612
TS_0003.mrc,463,533,536,3.9475183
TS_0003.mrc,295,151,416,3.9369578
TS_0003.mrc,257,249,498,3.93675
TS_0003.mrc,399,873,510,3.9338713
TS_0003.mrc,781,233,416,3.9306884
TS_0003.mrc,345,757,536,3.9275475
TS_0003.mrc,471,665,560,3.9091315
TS_0003.mrc,489,437,494,3.907556
TS_0003.mrc,443,709,582,3.905334
TS_0003.mrc,417,413,532,3.9048767
TS_0003.mrc,197,323,490,3.9038887
TS_0003.mrc,205,475,542,3.9030004
TS_0003.mrc,569,519,532,3.902295
TS_0003.mrc,617,545,496,3.9013944
TS_0003.mrc,257,593,494,3.899745
TS_0003.mrc,325,205,464,3.8974953
TS_0003.mrc,685,205,446,3.8933277
TS_0003.mrc,39,639,486,3.8881354
TS_0003.mrc,495,347,514,3.8879833
TS_0003.mrc,655,563,536,3.8873248
TS_0003.mrc,611,13,438,3.8855953
TS_0003.mrc,489,631,546,3.8848095
TS_0003.mrc,253,879,540,3.874455
TS_0003.mrc,325,677,534,3.867537
TS_0003.mrc,253,419,450,3.865674
TS_0003.mrc,281,475,486,3.8597107
TS_0003.mrc,687,487,494,3.858849
TS_0003.mrc,223,609,522,3.8482046
TS_0003.mrc,353,515,522,3.8342385
TS_0003.mrc,281,871,510,3.8266873
TS_0003.mrc,497,227,426,3.8220701
TS_0003.mrc,85,871,562,3.821951
TS_0003.mrc,377,181,468,3.8197784
TS_0003.mrc,209,420,472,3.813497
TS_0003.mrc,349,327,490,3.8108344
TS_0003.mrc,565,487,472,3.8095613
TS_0003.mrc,423,511,546,3.8069463
TS_0003.mrc,135,465,488,3.798802
TS_0003.mrc,539,111,470,3.7911768
TS_0003.mrc,253,375,522,3.7910151
TS_0003.mrc,705,327,486,3.7894769
TS_0003.mrc,511,223,462,3.773231
TS_0003.mrc,211,425,516,3.7715225
TS_0003.mrc,399,129,416,3.7698627
TS_0003.mrc,301,803,510,3.7643461
TS_0003.mrc,567,541,512,3.7640429
TS_0003.mrc,203,705,488,3.7628684
TS_0003.mrc,329,465,474,3.7617908
TS_0003.mrc,607,350,514,3.7616186
TS_0003.mrc,875,33,440,3.7593021
TS_0003.mrc,209,473,472,3.757276
TS_0003.mrc,127,643,514,3.755928
TS_0003.mrc,701,199,450,3.753696
TS_0003.mrc,521,293,510,3.7535977
TS_0003.mrc,393,273,486,3.7515564
TS_0003.mrc,209,227,474,3.7495146
TS_0003.mrc,783,65,474,3.7438035
TS_0003.mrc,331,585,544,3.734892
TS_0003.mrc,331,207,444,3.7348752
TS_0003.mrc,63,518,488,3.726829
TS_0003.mrc,355,4,520,3.7253575
TS_0003.mrc,89,135,426,3.7241273
TS_0003.mrc,583,137,472,3.7223058
TS_0003.mrc,643,107,444,3.7217069
TS_0003.mrc,653,445,488,3.7193747
TS_0003.mrc,475,711,496,3.719092
TS_0003.mrc,547,279,496,3.7112694
TS_0003.mrc,537,297,466,3.7099981
TS_0003.mrc,199,153,486,3.709218
TS_0003.mrc,153,495,522,3.7050824
TS_0003.mrc,565,233,448,3.7043338
TS_0003.mrc,273,349,464,3.6953006
TS_0003.mrc,299,343,486,3.693171
TS_0003.mrc,475,423,466,3.6919875
TS_0003.mrc,469,347,466,3.6912694
TS_0003.mrc,301,487,536,3.6906095
TS_0003.mrc,305,711,568,3.686039
TS_0003.mrc,201,443,508,3.6839144
TS_0003.mrc,633,587,538,3.683202
TS_0003.mrc,497,281,498,3.6820223
TS_0003.mrc,511,493,538,3.675729
TS_0003.mrc,373,831,570,3.675167
TS_0003.mrc,303,322,450,3.6701374
TS_0003.mrc,661,299,466,3.6681156
TS_0003.mrc,703,303,438,3.6670203
TS_0003.mrc,629,511,538,3.6621583
TS_0003.mrc,225,629,496,3.6616397
TS_0003.mrc,371,391,522,3.6615849
TS_0003.mrc,799,59,448,3.6600776
TS_0003.mrc,209,345,470,3.6599917
TS_0003.mrc,89,559,558,3.6587617
TS_0003.mrc,565,439,536,3.6575415
TS_0003.mrc,595,177,438,3.6555712
TS_0003.mrc,591,709,570,3.6551018
TS_0003.mrc,469,801,582,3.6470516
TS_0003.mrc,375,105,470,3.6454968
TS_0003.mrc,655,375,488,3.63812
TS_0003.mrc,393,607,512,3.635489
TS_0003.mrc,585,609,546,3.6309135
TS_0003.mrc,437,859,642,3.629776
TS_0003.mrc,681,253,474,3.6274667
TS_0003.mrc,321,489,522,3.6251678
TS_0003.mrc,613,319,450,3.624595
TS_0003.mrc,543,587,546,3.622676
TS_0003.mrc,445,679,512,3.6181736
TS_0003.mrc,323,585,522,3.6159973
TS_0003.mrc,105,495,544,3.615142
TS_0003.mrc,223,727,568,3.610983
TS_0003.mrc,283,849,566,3.6101365
TS_0003.mrc,375,133,416,3.6088476
TS_0003.mrc,303,667,522,3.602931
TS_0003.mrc,753,681,610,3.6012175
TS_0003.mrc,367,199,448,3.5996048
TS_0003.mrc,91,509,536,3.5989187
TS_0003.mrc,325,369,466,3.5828495
TS_0003.mrc,345,875,582,3.5828304
TS_0003.mrc,33,801,580,3.580322
TS_0003.mrc,275,873,546,3.5780845
TS_0003.mrc,469,415,508,3.5720234
TS_0003.mrc,343,222,444,3.5710921
TS_0003.mrc,153,751,510,3.5705016
TS_0003.mrc,641,319,438,3.5698884
TS_0003.mrc,133,563,522,3.569061
TS_0003.mrc,137,593,474,3.5659828
TS_0003.mrc,595,535,494,3.5631983
TS_0003.mrc,595,277,547,3.5616686
TS_0003.mrc,369,391,470,3.556615
TS_0003.mrc,465,615,474,3.5506845
TS_0003.mrc,39,245,558,3.548932
TS_0003.mrc,235,637,510,3.5479774
TS_0003.mrc,473,847,566,3.5434723
TS_0003.mrc,349,823,564,3.541315
TS_0003.mrc,305,809,542,3.5370667
TS_0003.mrc,711,297,516,3.535415
TS_0003.mrc,871,33,416,3.5172322
TS_0003.mrc,847,249,522,3.50669
TS_0003.mrc,233,607,498,3.5056078
TS_0003.mrc,661,735,474,3.5039654
TS_0003.mrc,299,327,512,3.5035844
TS_0003.mrc,571,543,494,3.4859185
TS_0003.mrc,367,157,438,3.4801137
TS_0003.mrc,665,87,464,3.4737506
TS_0003.mrc,89,681,536,3.4737206
TS_0003.mrc,589,61,468,3.4735777
TS_0003.mrc,391,133,472,3.4729254
TS_0003.mrc,735,109,414,3.467191
TS_0003.mrc,583,35,420,3.4584436
TS_0003.mrc,249,521,522,3.446548
TS_0003.mrc,493,327,472,3.443506
TS_0003.mrc,257,473,516,3.4434495
TS_0003.mrc,395,323,522,3.4410696
TS_0003.mrc,751,519,496,3.4351091
TS_0003.mrc,235,749,494,3.434652
TS_0003.mrc,689,443,490,3.4336426
TS_0003.mrc,569,303,492,3.4307432
TS_0003.mrc,611,153,488,3.430268
TS_0003.mrc,271,235,498,3.4300349
TS_0003.mrc,853,105,414,3.422608
TS_0003.mrc,659,253,466,3.4140573
TS_0003.mrc,607,319,486,3.407362
TS_0003.mrc,631,447,442,3.4010034
TS_0003.mrc,181,443,472,3.400686
TS_0003.mrc,323,689,494,3.3979125
TS_0003.mrc,737,203,494,3.3973475
TS_0003.mrc,229,519,488,3.396452
TS_0003.mrc,355,375,496,3.3913267
TS_0003.mrc,559,685,522,3.3901424
TS_0003.mrc,469,655,546,3.3855891
TS_0003.mrc,39,663,492,3.3762639
TS_0003.mrc,327,655,534,3.3669317
TS_0003.mrc,403,799,564,3.3654191
TS_0003.mrc,305,509,474,3.361746
TS_0003.mrc,657,159,486,3.3606825
TS_0003.mrc,733,377,486,3.3590314
TS_0003.mrc,373,129,474,3.3550496
TS_0003.mrc,797,319,444,3.353658
TS_0003.mrc,631,375,474,3.353513
TS_0003.mrc,253,367,490,3.3516772
TS_0003.mrc,415,755,566,3.35093
TS_0003.mrc,207,275,520,3.3508155
TS_0003.mrc,683,183,446,3.348592
TS_0003.mrc,273,253,466,3.3457477
TS_0003.mrc,175,519,518,3.3396888
TS_0003.mrc,331,465,486,3.3376007
TS_0003.mrc,317,517,520,3.3361351
TS_0003.mrc,353,679,570,3.33355
TS_0003.mrc,129,637,488,3.332145
TS_0003.mrc,652,464,495,3.3309133
TS_0003.mrc,367,856,568,3.328361
TS_0003.mrc,593,735,514,3.3239944
TS_0003.mrc,737,225,416,3.314268
TS_0003.mrc,713,181,446,3.308313
TS_0003.mrc,447,277,488,3.30612
TS_0003.mrc,397,727,512,3.3015819
TS_0003.mrc,91,683,518,3.2981768
TS_0003.mrc,298,250,438,3.2943325
TS_0003.mrc,751,303,440,3.2919567
TS_0003.mrc,281,447,508,3.2877023
TS_0003.mrc,225,465,484,3.285858
TS_0003.mrc,355,185,488,3.281838
TS_0003.mrc,299,773,512,3.2779684
TS_0003.mrc,325,320,490,3.2738707
TS_0003.mrc,565,185,448,3.2727075
TS_0003.mrc,105,487,494,3.2724218
TS_0003.mrc,587,593,514,3.2716718
TS_0003.mrc,127,89,448,3.2711158
TS_0003.mrc,419,785,522,3.269876
TS_0003.mrc,729,607,468,3.2689369
TS_0003.mrc,655,177,468,3.2645476
TS_0003.mrc,543,421,510,3.2644746
TS_0003.mrc,735,253,466,3.2576902
TS_0003.mrc,269,735,558,3.2565467
TS_0003.mrc,305,893,534,3.2502015
TS_0003.mrc,535,701,514,3.2464907
TS_0003.mrc,517,233,510,3.246432
TS_0003.mrc,31,583,492,3.2444983
TS_0003.mrc,899,37,496,3.2437522
TS_0003.mrc,225,871,522,3.241939
TS_0003.mrc,583,657,522,3.240044
TS_0003.mrc,183,663,570,3.2349093
TS_0003.mrc,497,225,438,3.2328582
TS_0003.mrc,211,655,486,3.2289252
TS_0003.mrc,855,87,416,3.2280838
TS_0003.mrc,447,903,512,3.2248588
TS_0003.mrc,617,281,476,3.2242646
TS_0003.mrc,135,561,544,3.223971
TS_0003.mrc,395,107,464,3.2214258
TS_0003.mrc,399,131,440,3.2181008
TS_0003.mrc,249,447,450,3.2105012
TS_0003.mrc,633,31,486,3.208272
TS_0003.mrc,351,499,494,3.2077947
TS_0003.mrc,759,319,522,3.2057943
TS_0003.mrc,705,351,438,3.2053812
TS_0003.mrc,591,635,522,3.205267
TS_0003.mrc,277,391,490,3.204264
TS_0003.mrc,225,397,520,3.197159
TS_0003.mrc,87,785,536,3.1960037
TS_0003.mrc,485,681,512,3.1955402
TS_0003.mrc,369,157,486,3.1943572
TS_0003.mrc,65,389,596,3.192736
TS_0003.mrc,397,779,522,3.183834
TS_0003.mrc,633,245,490,3.1836836
TS_0003.mrc,115,615,544,3.1806688
TS_0003.mrc,375,129,450,3.1772375
TS_0003.mrc,367,657,566,3.1717274
TS_0003.mrc,277,279,474,3.1707094
TS_0003.mrc,613,639,494,3.1682143
TS_0003.mrc,249,615,494,3.1664062
TS_0003.mrc,491,401,470,3.1650112
TS_0003.mrc,65,735,546,3.1647866
TS_0003.mrc,737,249,418,3.1639104
TS_0003.mrc,373,829,582,3.1597002
TS_0003.mrc,367,565,512,3.1570127
TS_0003.mrc,559,785,534,3.1547108
TS_0003.mrc,857,57,414,3.1525295
TS_0003.mrc,845,175,514,3.1499465
TS_0003.mrc,567,563,544,3.1492887
TS_0003.mrc,415,493,534,3.1488972
TS_0003.mrc,367,519,510,3.1468122
TS_0003.mrc,559,631,486,3.1465342
TS_0003.mrc,417,687,496,3.1452324
TS_0003.mrc,177,591,534,3.1431541
TS_0003.mrc,351,305,520,3.140875
TS_0003.mrc,377,543,466,3.139874
TS_0003.mrc,369,155,472,3.13726
TS_0003.mrc,89,781,590,3.1371276
TS_0003.mrc,449,583,474,3.1360066
TS_0003.mrc,354,208,425,3.136002
TS_0003.mrc,521,703,490,3.1323595
TS_0003.mrc,447,581,488,3.130731
TS_0003.mrc,377,233,418,3.1305232
TS_0003.mrc,247,373,464,3.1288803
TS_0003.mrc,491,807,570,3.1287496
TS_0003.mrc,355,467,540,3.1268117
TS_0003.mrc,609,35,416,3.1267939
TS_0003.mrc,785,421,474,3.1257396
TS_0003.mrc,249,281,512,3.1213229
TS_0003.mrc,425,321,450,3.1181116
TS_0003.mrc,705,155,466,3.110832
TS_0003.mrc,284,703,516,3.1102343
TS_0003.mrc,307,833,542,3.1098387
TS_0003.mrc,473,367,520,3.1093287
TS_0003.mrc,155,897,564,3.1077862
TS_0003.mrc,763,325,442,3.105658
TS_0003.mrc,369,593,560,3.1048007
TS_0003.mrc,543,561,544,3.1047313
TS_0003.mrc,565,65,450,3.0954802
TS_0003.mrc,633,639,568,3.0945036
TS_0003.mrc,231,565,533,3.093879
TS_0003.mrc,424,207,468,3.0921876
TS_0003.mrc,681,87,488,3.086182
TS_0003.mrc,365,327,534,3.0850177
TS_0003.mrc,753,199,442,3.0842497
TS_0003.mrc,471,751,518,3.0796125
TS_0003.mrc,211,822,510,3.0791714
TS_0003.mrc,709,319,534,3.0781484
TS_0003.mrc,307,391,450,3.074747
TS_0003.mrc,157,441,518,3.0716999
TS_0003.mrc,471,447,474,3.071071
TS_0003.mrc,345,853,518,3.0695486
TS_0003.mrc,443,735,524,3.0682151
TS_0003.mrc,711,323,514,3.0679388
TS_0003.mrc,55,105,424,3.0671756
TS_0003.mrc,639,279,424,3.0634844
TS_0003.mrc,65,519,518,3.0605667
TS_0003.mrc,687,487,534,3.058733
TS_0003.mrc,587,131,414,3.0548656
TS_0003.mrc,799,351,512,3.0526683
TS_0003.mrc,329,629,562,3.0493398
TS_0003.mrc,825,249,448,3.0480454
TS_0003.mrc,323,223,424,3.0451548
TS_0003.mrc,249,559,498,3.045046
TS_0003.mrc,731,417,464,3.0445042
TS_0003.mrc,151,681,496,3.0436003
TS_0003.mrc,515,557,498,3.0396378
TS_0003.mrc,85,731,582,3.03947
TS_0003.mrc,65,733,488,3.0382533
TS_0003.mrc,277,251,436,3.0358825
TS_0003.mrc,401,895,538,3.034484
TS_0003.mrc,255,377,509,3.0223238
TS_0003.mrc,37,485,534,3.0213532
TS_0003.mrc,9,544,518,3.0212204
TS_0003.mrc,39,585,558,3.0199487
TS_0003.mrc,618,636,546,3.0190558
TS_0003.mrc,397,773,566,3.0135748
TS_0003.mrc,447,395,464,3.0125182
TS_0003.mrc,515,247,444,3.012406
TS_0003.mrc,425,437,521,3.0107095
TS_0003.mrc,275,413,472,3.0061724
TS_0003.mrc,641,367,496,3.004107
TS_0003.mrc,319,473,536,2.9981039
TS_0003.mrc,401,224,446,2.9978564
TS_0003.mrc,819,347,444,2.9964888
TS_0003.mrc,231,561,466,2.9933443
TS_0003.mrc,375,585,474,2.9879434
TS_0003.mrc,619,681,516,2.986452
TS_0003.mrc,845,153,418,2.9857626
TS_0003.mrc,425,833,496,2.9856312
TS_0003.mrc,271,277,486,2.9854167
TS_0003.mrc,101,247,468,2.9819422
TS_0003.mrc,691,559,510,2.9803374
TS_0003.mrc,705,539,512,2.9802573
TS_0003.mrc,515,737,492,2.9782686
TS_0003.mrc,805,325,510,2.9781256
TS_0003.mrc,77,567,536,2.9760935
TS_0003.mrc,279,847,546,2.9750063
TS_0003.mrc,799,149,416,2.9719136
TS_0003.mrc,109,615,496,2.968464
TS_0003.mrc,847,271,494,2.9677403
TS_0003.mrc,163,233,474,2.9641995
TS_0003.mrc,307,729,494,2.961365
TS_0003.mrc,227,881,509,2.9578183
TS_0003.mrc,259,487,498,2.957264
TS_0003.mrc,57,705,544,2.9569314
TS_0003.mrc,425,397,462,2.9547365
TS_0003.mrc,451,777,522,2.9543881
TS_0003.mrc,319,419,542,2.9500446
TS_0003.mrc,565,583,558,2.9479394
TS_0003.mrc,79,135,444,2.9431894
TS_0003.mrc,587,545,514,2.9388816
TS_0003.mrc,667,151,472,2.9387844
TS_0003.mrc,331,231,462,2.934934
TS_0003.mrc,137,701,498,2.9320838
TS_0003.mrc,615,283,514,2.9291606
TS_0003.mrc,583,449,492,2.9289055
TS_0003.mrc,349,703,560,2.9277427
TS_0003.mrc,259,415,494,2.9264414
TS_0003.mrc,245,545,542,2.926276
TS_0003.mrc,153,753,588,2.9186485
TS_0003.mrc,495,905,568,2.9184775
TS_0003.mrc,303,327,488,2.9124708
TS_0003.mrc,305,247,424,2.9100401
TS_0003.mrc,563,465,534,2.9061112
TS_0003.mrc,469,837,629,2.9041293
TS_0003.mrc,295,657,488,2.9027827
TS_0003.mrc,211,545,542,2.9000938
TS_0003.mrc,201,493,496,2.898729
TS_0003.mrc,805,441,546,2.8985646
TS_0003.mrc,225,104,448,2.8984857
TS_0003.mrc,467,785,538,2.897665
TS_0003.mrc,563,563,472,2.897446
TS_0003.mrc,523,517,544,2.8952765
TS_0003.mrc,203,233,486,2.8937955
TS_0003.mrc,595,279,448,2.8925252
TS_0003.mrc,271,631,534,2.8922975
TS_0003.mrc,367,303,472,2.891795
TS_0003.mrc,585,377,472,2.8769617
TS_0003.mrc,547,437,470,2.8752098
TS_0003.mrc,499,325,496,2.875041
TS_0003.mrc,255,247,510,2.8747861
TS_0003.mrc,641,59,494,2.8690927
TS_0003.mrc,805,297,426,2.8682005
TS_0003.mrc,259,399,486,2.8677592
TS_0003.mrc,851,249,486,2.8623793
TS_0003.mrc,303,255,474,2.8596041
TS_0003.mrc,439,371,472,2.8572142
TS_0003.mrc,633,353,514,2.848916
TS_0003.mrc,679,879,536,2.8466835
TS_0003.mrc,845,255,464,2.8426561
TS_0003.mrc,413,393,522,2.841559
TS_0003.mrc,653,417,486,2.8376303
TS_0003.mrc,183,441,540,2.834076
TS_0003.mrc,779,447,470,2.8334134
TS_0003.mrc,595,825,534,2.833351
TS_0003.mrc,305,229,448,2.8308055
TS_0003.mrc,541,65,402,2.8303165
TS_0003.mrc,65,851,546,2.82752
TS_0003.mrc,379,319,450,2.8273332
TS_0003.mrc,803,31,440,2.827088
TS_0003.mrc,127,587,560,2.8261921
TS_0003.mrc,423,713,558,2.826109
TS_0003.mrc,547,349,490,2.824025
TS_0003.mrc,152,272,447,2.8232481
TS_0003.mrc,617,415,512,2.8228514
TS_0003.mrc,589,83,402,2.822185
TS_0003.mrc,651,491,498,2.8211734
TS_0003.mrc,585,355,426,2.8196633
TS_0003.mrc,59,327,514,2.8172214
TS_0003.mrc,153,879,518,2.8160698
TS_0003.mrc,661,181,494,2.8150823
TS_0003.mrc,67,303,508,2.8141413
TS_0003.mrc,731,257,486,2.8113153
TS_0003.mrc,773,281,514,2.8103595
TS_0003.mrc,437,679,492,2.8091314
TS_0003.mrc,417,685,522,2.8036287
TS_0003.mrc,379,593,498,2.8018785
TS_0003.mrc,821,251,492,2.7994988
TS_0003.mrc,596,655,608,2.7940507
TS_0003.mrc,807,425,542,2.7929087
TS_0003.mrc,491,205,514,2.7899392
TS_0003.mrc,475,279,444,2.7871716
TS_0003.mrc,111,101,472,2.7857363
TS_0003.mrc,587,159,468,2.783515
TS_0003.mrc,735,567,466,2.781552
TS_0003.mrc,355,679,582,2.774611
TS_0003.mrc,439,227,488,2.774317
TS_0003.mrc,687,463,488,2.773707
TS_0003.mrc,207,613,486,2.7707703
TS_0003.mrc,403,871,588,2.7663684
TS_0003.mrc,753,133,420,2.7663634
TS_0003.mrc,391,905,520,2.7656944
TS_0003.mrc,689,231,464,2.764144
TS_0003.mrc,591,471,486,2.7613223
TS_0003.mrc,443,423,544,2.7590988
TS_0003.mrc,833,225,518,2.7583647
TS_0003.mrc,345,13,422,2.7544997
TS_0003.mrc,847,85,398,2.754161
TS_0003.mrc,495,511,466,2.747712
TS_0003.mrc,369,207,496,2.7469516
TS_0003.mrc,733,593,546,2.7450001
TS_0003.mrc,227,581,472,2.7440548
TS_0003.mrc,707,151,438,2.7382205
TS_0003.mrc,619,229,512,2.73819
TS_0003.mrc,541,465,486,2.736895
TS_0003.mrc,491,807,582,2.7325075
TS_0003.mrc,783,349,555,2.731244
TS_0003.mrc,227,136,438,2.730257
TS_0003.mrc,753,591,486,2.7293563
TS_0003.mrc,13,567,492,2.7289863
TS_0003.mrc,515,175,420,2.727664
TS_0003.mrc,393,607,524,2.7273622
TS_0003.mrc,587,799,520,2.7257223
TS_0003.mrc,345,345,448,2.7240343
TS_0003.mrc,87,513,490,2.7213597
TS_0003.mrc,421,449,488,2.7178514
TS_0003.mrc,511,233,494,2.7178035
TS_0003.mrc,203,423,488,2.7125738
TS_0003.mrc,319,367,514,2.7106879
TS_0003.mrc,229,831,514,2.7103324
TS_0003.mrc,179,443,488,2.708037
TS_0003.mrc,683,517,498,2.706541
TS_0003.mrc,565,655,492,2.7061002
TS_0003.mrc,735,753,516,2.7056415
TS_0003.mrc,343,851,617,2.7037818
TS_0003.mrc,831,201,418,2.7011485
TS_0003.mrc,829,301,422,2.7001355
TS_0003.mrc,395,159,428,2.6996298
TS_0003.mrc,201,13,420,2.6982703
TS_0003.mrc,423,807,564,2.6965675
TS_0003.mrc,391,179,496,2.6926496
TS_0003.mrc,103,85,422,2.6920335
TS_0003.mrc,187,15,448,2.6919403
TS_0003.mrc,659,303,498,2.6862588
TS_0003.mrc,305,223,462,2.6859035
TS_0003.mrc,137,465,474,2.6848018
TS_0003.mrc,161,895,546,2.6841412
TS_0003.mrc,685,557,538,2.6839569
TS_0003.mrc,129,509,538,2.681578
TS_0003.mrc,681,225,420,2.677634
TS_0003.mrc,447,883,566,2.6775956
TS_0003.mrc,799,445,470,2.6772518
TS_0003.mrc,615,323,425,2.6757033
TS_0003.mrc,280,487,496,2.6747577
TS_0003.mrc,233,567,510,2.6740246
TS_0003.mrc,349,689,534,2.6721463
TS_0003.mrc,811,397,540,2.6693966
TS_0003.mrc,663,87,426,2.6689346
TS_0003.mrc,757,375,512,2.6659665
TS_0003.mrc,869,133,420,2.6656895
TS_0003.mrc,615,805,544,2.6647642
TS_0003.mrc,535,591,470,2.6636696
TS_0003.mrc,751,61,484,2.6616247
TS_0003.mrc,685,59,488,2.661018
TS_0003.mrc,371,809,544,2.660455
TS_0003.mrc,641,269,450,2.6590612
TS_0003.mrc,245,389,490,2.6589203
TS_0003.mrc,293,269,462,2.6552517
TS_0003.mrc,307,569,556,2.6535764
TS_0003.mrc,31,869,534,2.6483223
TS_0003.mrc,475,447,510,2.6476114
TS_0003.mrc,703,417,544,2.6427379
TS_0003.mrc,41,631,538,2.642348
TS_0003.mrc,735,161,464,2.6421545
TS_0003.mrc,535,423,496,2.6414566
TS_0003.mrc,655,63,450,2.6384242
TS_0003.mrc,707,755,568,2.6374073
TS_0003.mrc,77,63,472,2.636549
TS_0003.mrc,633,57,402,2.6339872
TS_0003.mrc,377,491,512,2.6316786
TS_0003.mrc,493,635,560,2.6285427
TS_0003.mrc,403,87,448,2.6253185
TS_0003.mrc,545,733,558,2.624687
TS_0003.mrc,589,221,464,2.6245313
TS_0003.mrc,77,777,520,2.6236541
TS_0003.mrc,329,111,462,2.623107
TS_0003.mrc,175,833,516,2.6215577
TS_0003.mrc,519,379,510,2.6213272
TS_0003.mrc,473,177,438,2.6207795
TS_0003.mrc,395,873,522,2.6189568
TS_0003.mrc,107,691,494,2.618938
TS_0003.mrc,775,537,496,2.6188488
TS_0003.mrc,223,583,510,2.6187716
TS_0003.mrc,499,351,494,2.61834
TS_0003.mrc,205,565,534,2.6177034
TS_0003.mrc,80,545,510,2.6173067
TS_0003.mrc,643,13,486,2.6158526
TS_0003.mrc,545,249,514,2.6150074
TS_0003.mrc,61,775,534,2.6139538
TS_0003.mrc,445,659,514,2.608918
TS_0003.mrc,659,515,496,2.6074758
TS_0003.mrc,227,369,534,2.603707
TS_0003.mrc,605,653,630,2.602146
TS_0003.mrc,727,419,488,2.6017647
TS_0003.mrc,343,318,428,2.600055
TS_0003.mrc,659,353,438,2.5865376
TS_0003.mrc,475,870,592,2.5845215
TS_0003.mrc,710,271,474,2.5823202
TS_0003.mrc,447,491,508,2.5819347
TS_0003.mrc,401,509,518,2.5791035
TS_0003.mrc,835,89,488,2.578481
TS_0003.mrc,757,403,464,2.5771499
TS_0003.mrc,711,35,472,2.576021
TS_0003.mrc,401,105,442,2.5724149
TS_0003.mrc,329,559,492,2.5719447
TS_0003.mrc,559,919,570,2.571324
TS_0003.mrc,271,855,533,2.570092
TS_0003.mrc,403,228,426,2.567327
TS_0003.mrc,655,683,564,2.562978
TS_0003.mrc,589,197,450,2.5623045
TS_0003.mrc,231,401,462,2.5591087
TS_0003.mrc,397,801,546,2.5590298
TS_0003.mrc,615,255,514,2.5582325
TS_0003.mrc,39,777,498,2.5542939
TS_0003.mrc,159,103,488,2.5540886
TS_0003.mrc,511,211,426,2.5540457
TS_0003.mrc,489,493,450,2.5528939
TS_0003.mrc,753,319,474,2.548957
TS_0003.mrc,355,395,496,2.5470557
TS_0003.mrc,499,639,520,2.544198
TS_0003.mrc,43,691,520,2.5420766
TS_0003.mrc,827,33,466,2.5395126
TS_0003.mrc,543,921,536,2.538313
TS_0003.mrc,183,787,592,2.5364025
TS_0003.mrc,43,589,544,2.5357761
TS_0003.mrc,465,297,474,2.5342178
TS_0003.mrc,587,179,450,2.5330226
TS_0003.mrc,641,137,496,2.5318253
TS_0003.mrc,302,724,584,2.5312357
TS_0003.mrc,181,785,510,2.5305786
TS_0003.mrc,475,487,542,2.5261192
TS_0003.mrc,203,437,520,2.5261183
TS_0003.mrc,89,513,474,2.5251827
TS_0003.mrc,307,349,510,2.5186582
TS_0003.mrc,155,561,546,2.512296
TS_0003.mrc,161,445,488,2.512228
TS_0003.mrc,347,221,464,2.5115218
TS_0003.mrc,423,521,472,2.5100045
TS_0003.mrc,89,827,514,2.5089917
TS_0003.mrc,519,175,462,2.5058362
TS_0003.mrc,819,273,520,2.5028012
TS_0003.mrc,657,423,498,2.5010762
TS_0003.mrc,568,808,488,2.497947
TS_0003.mrc,307,513,486,2.4931448
TS_0003.mrc,655,30,492,2.4929569
TS_0003.mrc,319,825,596,2.4928145
TS_0003.mrc,307,823,516,2.491596
TS_0003.mrc,465,389,536,2.4915512
TS_0003.mrc,125,609,474,2.4912217
TS_0003.mrc,831,55,442,2.490592
TS_0003.mrc,331,303,496,2.490295
TS_0003.mrc,377,251,448,2.4891841
TS_0003.mrc,449,323,462,2.4884589
TS_0003.mrc,785,257,520,2.485954
TS_0003.mrc,279,701,490,2.485764
TS_0003.mrc,823,255,468,2.4842854
TS_0003.mrc,466,448,444,2.484189
TS_0003.mrc,233,539,560,2.4822285
TS_0003.mrc,221,688,544,2.4820085
TS_0003.mrc,303,395,520,2.4807727
TS_0003.mrc,829,319,522,2.4804978
TS_0003.mrc,343,547,546,2.4795125
TS_0003.mrc,283,63,448,2.4785805
TS_0003.mrc,393,663,522,2.477872
TS_0003.mrc,471,897,522,2.476934
TS_0003.mrc,395,687,510,2.4731467
TS_0003.mrc,331,473,512,2.4730506
TS_0003.mrc,811,37,414,2.472217
TS_0003.mrc,774,174,427,2.4706388
TS_0003.mrc,17,731,522,2.4694533
TS_0003.mrc,757,583,542,2.4664526
TS_0003.mrc,15,445,492,2.4652736
TS_0003.mrc,561,633,472,2.4643033
TS_0003.mrc,513,639,562,2.461696
TS_0003.mrc,205,683,566,2.4615927
TS_0003.mrc,805,419,498,2.459976
TS_0003.mrc,737,273,448,2.458582
TS_0003.mrc,487,511,492,2.4577127
TS_0003.mrc,853,33,470,2.4547393
TS_0003.mrc,495,280,510,2.4545484
TS_0003.mrc,299,543,534,2.45442
TS_0003.mrc,585,557,474,2.4535666
TS_0003.mrc,783,79,486,2.45033
TS_0003.mrc,589,125,496,2.449361
TS_0003.mrc,583,233,424,2.4491239
TS_0003.mrc,181,875,508,2.4483237
TS_0003.mrc,853,223,522,2.4479768
TS_0003.mrc,259,375,468,2.4477482
TS_0003.mrc,197,799,516,2.4431725
TS_0003.mrc,425,255,510,2.4430437
TS_0003.mrc,853,201,448,2.4427357
TS_0003.mrc,637,227,472,2.4422088
TS_0003.mrc,563,703,538,2.439575
TS_0003.mrc,751,231,490,2.4389758
TS_0003.mrc,367,157,424,2.4369755
TS_0003.mrc,79,636,488,2.4354618
TS_0003.mrc,443,755,570,2.434467
TS_0003.mrc,871,157,470,2.4306822
TS_0003.mrc,677,517,468,2.4284694
TS_0003.mrc,657,153,452,2.4274445
TS_0003.mrc,281,351,516,2.4273953
TS_0003.mrc,511,399,498,2.4260254
TS_0003.mrc,11,589,494,2.425074
TS_0003.mrc,763,377,448,2.42503
TS_0003.mrc,443,895,542,2.4236841
TS_0003.mrc,159,449,448,2.420876
TS_0003.mrc,329,535,548,2.4193954
TS_0003.mrc,163,207,468,2.419252
TS_0003.mrc,65,181,424,2.4156604
TS_0003.mrc,523,853,510,2.4132242
TS_0003.mrc,541,447,507,2.4118505
TS_0003.mrc,421,221,446,2.4114373
TS_0003.mrc,149,609,514,2.4104664
TS_0003.mrc,343,823,534,2.4071581
TS_0003.mrc,440,270,512,2.4034905
TS_0003.mrc,157,80,496,2.399117
TS_0003.mrc,757,137,448,2.3976326
TS_0003.mrc,327,302,462,2.3957024
TS_0003.mrc,427,343,510,2.3955908
TS_0003.mrc,823,135,498,2.3939705
TS_0003.mrc,871,161,494,2.3938186
TS_0003.mrc,709,511,544,2.388117
TS_0003.mrc,273,487,522,2.386389
TS_0003.mrc,711,445,498,2.3861427
TS_0003.mrc,115,639,534,2.385152
TS_0003.mrc,659,225,486,2.3845105
TS_0003.mrc,729,757,498,2.3836884
TS_0003.mrc,533,401,512,2.382884
TS_0003.mrc,737,227,516,2.3814976
TS_0003.mrc,858,207,498,2.380821
TS_0003.mrc,151,631,498,2.3785658
TS_0003.mrc,657,377,522,2.3784513
TS_0003.mrc,533,157,446,2.378384
TS_0003.mrc,517,809,544,2.3776243
TS_0003.mrc,327,305,474,2.377417
TS_0003.mrc,403,327,448,2.3773527
TS_0003.mrc,367,557,546,2.3717985
TS_0003.mrc,443,561,461,2.3713942
TS_0003.mrc,297,870,534,2.3677707
TS_0003.mrc,461,465,488,2.367177
TS_0003.mrc,679,659,546,2.3671508
TS_0003.mrc,687,419,474,2.3670325
TS_0003.mrc,329,199,476,2.3623772
TS_0003.mrc,79,657,496,2.359985
TS_0003.mrc,848,155,448,2.3584752
TS_0003.mrc,787,161,424,2.3558354
TS_0003.mrc,869,153,450,2.3526692
TS_0003.mrc,633,489,450,2.3504932
TS_0003.mrc,303,441,534,2.3501136
TS_0003.mrc,307,565,516,2.349497
TS_0003.mrc,257,83,444,2.3451312
TS_0003.mrc,139,591,534,2.344352
TS_0003.mrc,257,257,460,2.3435066
TS_0003.mrc,403,269,548,2.3431501
TS_0003.mrc,643,81,494,2.3417807
TS_0003.mrc,79,513,510,2.340474
TS_0003.mrc,445,200,464,2.3403373
TS_0003.mrc,393,403,514,2.3357348
TS_0003.mrc,493,725,490,2.3347423
TS_0003.mrc,761,85,416,2.3312178
TS_0003.mrc,417,851,510,2.331131
TS_0003.mrc,583,173,490,2.3285813
TS_0003.mrc,441,443,468,2.3260245
TS_0003.mrc,403,665,508,2.3256001
TS_0003.mrc,731,89,448,2.3214154
TS_0003.mrc,537,233,438,2.3196232
TS_0003.mrc,882,109,488,2.3169117
TS_0003.mrc,57,687,566,2.3124793
TS_0003.mrc,785,185,450,2.3092859
TS_0003.mrc,821,347,472,2.3083332
TS_0003.mrc,641,495,544,2.3076074
TS_0003.mrc,393,545,546,2.3061013
TS_0003.mrc,393,151,440,2.30557
TS_0003.mrc,441,629,488,2.3055592
TS_0003.mrc,635,609,492,2.3052268
TS_0003.mrc,757,41,392,2.3013196
TS_0003.mrc,85,493,514,2.3005059
TS_0003.mrc,499,183,422,2.2989314
TS_0003.mrc,805,269,442,2.296726
TS_0003.mrc,473,821,586,2.2899663
TS_0003.mrc,774,418,493,2.289407
TS_0003.mrc,199,615,516,2.2893982
TS_0003.mrc,331,585,488,2.2879267
TS_0003.mrc,77,657,560,2.287626
TS_0003.mrc,515,111,494,2.2872977
TS_0003.mrc,321,220,438,2.286871
TS_0003.mrc,517,761,518,2.2864962
TS_0003.mrc,451,413,582,2.2862267
TS_0003.mrc,523,327,494,2.283547
TS_0003.mrc,305,377,486,2.2832072
TS_0003.mrc,331,613,488,2.283048
TS_0003.mrc,299,523,520,2.2827094
TS_0003.mrc,593,197,496,2.2810063
TS_0003.mrc,127,605,512,2.2790189
TS_0003.mrc,523,281,468,2.2784045
TS_0003.mrc,307,571,492,2.2782073
TS_0003.mrc,429,465,462,2.2781289
TS_0003.mrc,201,831,596,2.276585
TS_0003.mrc,799,111,474,2.271669
TS_0003.mrc,655,35,450,2.2711265
TS_0003.mrc,41,731,568,2.270609
TS_0003.mrc,173,715,494,2.2694314
TS_0003.mrc,587,319,498,2.268245
TS_0003.mrc,419,205,448,2.2675128
TS_0003.mrc,643,161,498,2.2670941
TS_0003.mrc,753,109,494,2.2666934
TS_0003.mrc,868,128,400,2.265917
TS_0003.mrc,853,231,490,2.2655694
TS_0003.mrc,701,367,490,2.2646356
TS_0003.mrc,856,133,498,2.2633283
TS_0003.mrc,655,281,496,2.2624996
TS_0003.mrc,87,753,580,2.2620711
TS_0003.mrc,89,174,440,2.258187
TS_0003.mrc,731,545,468,2.2573922
TS_0003.mrc,827,245,512,2.2571552
TS_0003.mrc,571,61,398,2.2565417
TS_0003.mrc,327,655,521,2.255357
TS_0003.mrc,87,33,450,2.254045
TS_0003.mrc,499,547,542,2.2537138
TS_0003.mrc,17,547,488,2.2533422
TS_0003.mrc,797,393,464,2.2529716
TS_0003.mrc,367,371,459,2.2523267
TS_0003.mrc,319,739,496,2.2515283
TS_0003.mrc,499,157,468,2.251475
TS_0003.mrc,613,799,568,2.2512565
TS_0003.mrc,475,781,564,2.2507381
TS_0003.mrc,402,305,442,2.250362
TS_0003.mrc,318,902,571,2.2487624
TS_0003.mrc,588,349,488,2.246092
TS_0003.mrc,277,293,510,2.2435758
TS_0003.mrc,196,877,544,2.2421207
TS_0003.mrc,331,761,522,2.2386599
TS_0003.mrc,797,473,538,2.2377703
TS_0003.mrc,442,420,442,2.2376137
TS_0003.mrc,203,559,472,2.2352052
TS_0003.mrc,399,907,542,2.2344666
TS_0003.mrc,469,199,492,2.2327318
TS_0003.mrc,805,297,438,2.2325902
TS_0003.mrc,783,471,514,2.232579
TS_0003.mrc,705,57,522,2.2298462
TS_0003.mrc,149,707,544,2.228946
TS_0003.mrc,771,295,510,2.2270827
TS_0003.mrc,535,395,498,2.224066
TS_0003.mrc,617,231,498,2.2231104
TS_0003.mrc,475,233,514,2.2220001
TS_0003.mrc,727,415,450,2.2202575
TS_0003.mrc,707,711,558,2.2199297
TS_0003.mrc,441,629,474,2.2188377
TS_0003.mrc,251,521,558,2.2169557
TS_0003.mrc,81,393,555,2.2148068
TS_0003.mrc,901,39,450,2.2141578
TS_0003.mrc,523,543,544,2.2135298
TS_0003.mrc,896,56,495,2.21257
TS_0003.mrc,321,437,476,2.2117994
TS_0003.mrc,617,100,472,2.210753
TS_0003.mrc,327,515,546,2.2097409
TS_0003.mrc,737,445,544,2.2094166
TS_0003.mrc,329,327,448,2.2093012
TS_0003.mrc,825,325,438,2.2079108
TS_0003.mrc,557,294,450,2.2072768
TS_0003.mrc,663,591,558,2.2068713
TS_0003.mrc,39,871,556,2.2060986
TS_0003.mrc,857,107,472,2.201542
TS_0003.mrc,161,571,488,2.1999416
TS_0003.mrc,611,545,512,2.1999347
TS_0003.mrc,811,275,420,2.1991045
TS_0003.mrc,521,323,534,2.195602
TS_0003.mrc,609,175,462,2.1952748
TS_0003.mrc,709,323,498,2.194725
TS_0003.mrc,235,661,510,2.1932318
TS_0003.mrc,403,375,450,2.1932297
TS_0003.mrc,679,139,377,2.192175
TS_0003.mrc,451,209,498,2.1911623
TS_0003.mrc,587,755,536,2.1904273
TS_0003.mrc,41,629,522,2.1901577
TS_0003.mrc,561,491,496,2.1892135
TS_0003.mrc,873,109,400,2.1873295
TS_0003.mrc,347,185,426,2.1867988
TS_0003.mrc,809,161,420,2.1866837
TS_0003.mrc,543,55,444,2.1829917
TS_0003.mrc,587,521,512,2.1801329
TS_0003.mrc,235,677,582,2.1788228
TS_0003.mrc,569,345,486,2.1778705
TS_0003.mrc,371,367,484,2.1737192
TS_0003.mrc,777,245,416,2.1716924
TS_0003.mrc,435,421,520,2.1709223
TS_0003.mrc,235,127,462,2.1699073
TS_0003.mrc,523,125,450,2.1698747
TS_0003.mrc,619,67,448,2.1693833
TS_0003.mrc,136,726,522,2.1690156
TS_0003.mrc,759,545,512,2.1682937
TS_0003.mrc,517,439,540,2.1672018
TS_0003.mrc,475,393,516,2.1634893
TS_0003.mrc,347,733,500,2.1626544
TS_0003.mrc,571,473,488,2.162309
TS_0003.mrc,281,469,522,2.1612215
TS_0003.mrc,185,423,510,2.1600034
TS_0003.mrc,737,155,426,2.1594827
TS_0003.mrc,519,565,556,2.1581597
TS_0003.mrc,423,735,582,2.1560411
TS_0003.mrc,519,293,496,2.153813
TS_0003.mrc,691,423,490,2.1518838
TS_0003.mrc,413,129,474,2.149953
TS_0003.mrc,857,205,472,2.1494246
TS_0003.mrc,801,327,497,2.1473093
TS_0003.mrc,809,297,494,2.146316
TS_0003.mrc,571,777,592,2.1460376
TS_0003.mrc,725,775,590,2.1458488
TS_0003.mrc,515,587,486,2.1444094
TS_0003.mrc,751,87,486,2.143697
TS_0003.mrc,223,873,534,2.142499
TS_0003.mrc,57,627,604,2.1415176
TS_0003.mrc,497,132,496,2.140914
TS_0003.mrc,661,749,542,2.138666
TS_0003.mrc,403,493,462,2.1380875
TS_0003.mrc,107,833,520,2.135735
TS_0003.mrc,395,131,452,2.1333108
TS_0003.mrc,799,467,520,2.132898
TS_0003.mrc,349,279,448,2.1313505
TS_0003.mrc,129,685,520,2.131185
TS_0003.mrc,449,159,426,2.1308944
TS_0003.mrc,353,799,582,2.1304505
TS_0003.mrc,713,679,566,2.1303768
TS_0003.mrc,445,809,570,2.1300154
TS_0003.mrc,585,679,474,2.1273286
TS_0003.mrc,845,227,424,2.1250272
TS_0003.mrc,41,547,486,2.1246996
TS_0003.mrc,295,461,508,2.1227243
TS_0003.mrc,185,521,498,2.1222153
TS_0003.mrc,798,54,464,2.1218572
TS_0003.mrc,495,713,546,2.1207578
TS_0003.mrc,179,373,464,2.1202023
TS_0003.mrc,379,113,438,2.1200118
TS_0003.mrc,677,729,512,2.1198125
TS_0003.mrc,499,397,450,2.1197543
TS_0003.mrc,825,129,396,2.119084
TS_0003.mrc,183,729,512,2.117891
TS_0003.mrc,605,663,522,2.116816
TS_0003.mrc,449,561,486,2.116517
TS_0003.mrc,589,799,490,2.1161492
TS_0003.mrc,325,825,560,2.1114476
TS_0003.mrc,854,182,403,2.1093452
TS_0003.mrc,423,469,544,2.1084204
TS_0003.mrc,464,473,475,2.105137
TS_0003.mrc,877,131,472,2.1047413
TS_0003.mrc,497,249,422,2.103506
TS_0003.mrc,667,775,510,2.1034443
TS_0003.mrc,569,16,422,2.103204
TS_0003.mrc,199,877,562,2.1029928
TS_0003.mrc,559,437,494,2.099721
TS_0003.mrc,207,419,500,2.097537
TS_0003.mrc,589,107,462,2.096736
TS_0003.mrc,375,567,558,2.0962977
TS_0003.mrc,689,701,560,2.0956376
TS_0003.mrc,115,496,520,2.0928528
TS_0003.mrc,515,403,534,2.0923405
TS_0003.mrc,108,88,403,2.091175
TS_0003.mrc,727,273,472,2.0906367
TS_0003.mrc,714,297,496,2.089163
TS_0003.mrc,715,276,510,2.0882623
TS_0003.mrc,185,427,444,2.085698
TS_0003.mrc,127,855,508,2.0853279
TS_0003.mrc,569,391,476,2.08487
TS_0003.mrc,303,595,560,2.0837252
TS_0003.mrc,641,174,496,2.0832996
TS_0003.mrc,779,463,538,2.082494
TS_0003.mrc,447,581,500,2.0818636
TS_0003.mrc,493,427,542,2.080781
TS_0003.mrc,893,39,420,2.0805786
TS_0003.mrc,755,421,488,2.0797348
TS_0003.mrc,307,447,464,2.0762558
TS_0003.mrc,37,709,572,2.0759335
TS_0003.mrc,519,137,498,2.0746078
TS_0003.mrc,329,318,474,2.0714056
TS_0003.mrc,186,593,558,2.0699997
TS_0003.mrc,465,613,486,2.0691912
TS_0003.mrc,55,761,556,2.069027
TS_0003.mrc,61,176,442,2.0679631
TS_0003.mrc,521,365,522,2.0675797
TS_0003.mrc,659,853,522,2.067523
TS_0003.mrc,342,681,557,2.0664833
TS_0003.mrc,349,443,542,2.0658953
TS_0003.mrc,491,877,586,2.0650432
TS_0003.mrc,277,737,584,2.0647178
TS_0003.mrc,661,733,449,2.0639842
TS_0003.mrc,303,689,520,2.0638323
TS_0003.mrc,463,395,474,2.0616264
TS_0003.mrc,211,399,450,2.0590873
TS_0003.mrc,633,175,464,2.058334
TS_0003.mrc,259,499,510,2.055925
TS_0003.mrc,541,653,542,2.053035
TS_0003.mrc,403,707,544,2.0513134
TS_0003.mrc,135,707,564,2.0498028
TS_0003.mrc,421,365,472,2.0494869
TS_0003.mrc,343,759,548,2.0479016
TS_0003.mrc,545,533,546,2.0474033
TS_0003.mrc,325,201,498,2.0461566
TS_0003.mrc,847,59,396,2.0439215
TS_0003.mrc,85,805,510,2.0439157
TS_0003.mrc,307,259,460,2.0434246
TS_0003.mrc,567,207,512,2.0431957
TS_0003.mrc,811,395,496,2.0426977
TS_0003.mrc,299,133,436,2.0422459
TS_0003.mrc,685,129,514,2.0420175
TS_0003.mrc,79,725,520,2.0405035
TS_0003.mrc,475,901,570,2.0402036
TS_0003.mrc,421,159,450,2.037157
TS_0003.mrc,175,607,498,2.0365832
TS_0003.mrc,595,17,416,2.0364509
TS_0003.mrc,585,323,476,2.0358286
TS_0003.mrc,854,131,438,2.0354288
TS_0003.mrc,35,729,584,2.0345783
TS_0003.mrc,683,703,520,2.0340862
TS_0003.mrc,567,519,519,2.033519
TS_0003.mrc,475,799,558,2.031313
TS_0003.mrc,132,708,510,2.0306752
TS_0003.mrc,209,617,498,2.0298815
TS_0003.mrc,655,871,536,2.0293489
TS_0003.mrc,419,395,474,2.028232
TS_0003.mrc,449,303,450,2.027996
TS_0003.mrc,37,223,450,2.0273907
TS_0003.mrc,583,55,486,2.0266647
TS_0003.mrc,403,833,522,2.0249388
TS_0003.mrc,759,323,534,2.024593
TS_0003.mrc,714,257,466,2.0235462
TS_0003.mrc,483,703,636,2.023482
TS_0003.mrc,761,343,462,2.0206506
TS_0003.mrc,783,421,514,2.0203648
TS_0003.mrc,79,587,558,2.018691
TS_0003.mrc,271,179,444,2.01691
TS_0003.mrc,563,919,606,2.015762
TS_0003.mrc,561,64,426,2.0143604
TS_0003.mrc,681,77,440,2.013156
TS_0003.mrc,417,617,472,2.0116456
TS_0003.mrc,657,112,428,2.010463
TS_0003.mrc,33,869,520,2.0091708
TS_0003.mrc,229,903,518,2.008213
TS_0003.mrc,489,615,464,2.0077677
TS_0003.mrc,593,539,560,2.0074575
TS_0003.mrc,489,153,428,2.0073793
TS_0003.mrc,565,905,536,2.0061522
TS_0003.mrc,877,83,396,2.00452
TS_0003.mrc,519,583,466,2.004083
TS_0003.mrc,583,373,442,2.0040755
TS_0003.mrc,543,539,490,2.0002432
TS_0003.mrc,427,707,514,1.9996545
TS_0003.mrc,751,615,464,1.996644
TS_0003.mrc,615,803,522,1.9935114
TS_0003.mrc,307,873,592,1.9928923
TS_0003.mrc,161,545,483,1.992717
TS_0003.mrc,367,689,514,1.99244
TS_0003.mrc,41,753,568,1.9882512
TS_0003.mrc,491,109,426,1.9881647
TS_0003.mrc,733,249,438,1.9875417
TS_0003.mrc,799,441,492,1.9863563
TS_0003.mrc,373,506,544,1.9856832
TS_0003.mrc,537,445,448,1.9856412
TS_0003.mrc,176,486,469,1.9850755
TS_0003.mrc,307,271,488,1.9847488
TS_0003.mrc,707,571,512,1.9845865
TS_0003.mrc,895,59,472,1.984225
TS_0003.mrc,807,412,542,1.9829571
TS_0003.mrc,499,345,462,1.982522
TS_0003.mrc,691,137,468,1.98178
TS_0003.mrc,859,203,516,1.9802072
TS_0003.mrc,15,821,496,1.9789026
TS_0003.mrc,465,735,562,1.9785421
TS_0003.mrc,803,297,462,1.9759064
TS_0003.mrc,545,541,464,1.975277
TS_0003.mrc,473,305,490,1.9746163
TS_0003.mrc,441,283,516,1.9734616
TS_0003.mrc,469,259,426,1.9720261
TS_0003.mrc,835,183,424,1.9716051
TS_0003.mrc,611,31,448,1.9689925
TS_0003.mrc,783,493,470,1.9689555
TS_0003.mrc,196,897,511,1.9688225
TS_0003.mrc,155,809,522,1.9681869
TS_0003.mrc,589,655,542,1.9662337
TS_0003.mrc,796,342,472,1.96169
TS_0003.mrc,131,466,500,1.9610271
TS_0003.mrc,393,521,462,1.958713
TS_0003.mrc,323,303,448,1.9574759
TS_0003.mrc,397,275,498,1.9566708
TS_0003.mrc,513,759,558,1.956259
TS_0003.mrc,615,905,538,1.9558265
TS_0003.mrc,379,423,446,1.9554183
TS_0003.mrc,797,465,464,1.9547524
TS_0003.mrc,614,634,533,1.953695
TS_0003.mrc,343,305,472,1.9535434
TS_0003.mrc,85,729,546,1.9531231
TS_0003.mrc,395,667,548,1.95208
TS_0003.mrc,753,319,486,1.9504755
TS_0003.mrc,613,897,570,1.9478824
TS_0003.mrc,115,881,584,1.9477432
TS_0003.mrc,368,519,497,1.9474022
TS_0003.mrc,607,497,538,1.9469569
TS_0003.mrc,57,763,582,1.9465241
TS_0003.mrc,615,785,540,1.9459028
TS_0003.mrc,487,803,494,1.9450941
TS_0003.mrc,300,772,524,1.9378862
TS_0003.mrc,403,561,494,1.9364741
TS_0003.mrc,279,677,494,1.9342566
TS_0003.mrc,355,175,412,1.9336085
TS_0003.mrc,733,173,510,1.9314394
TS_0003.mrc,369,269,498,1.9289548
TS_0003.mrc,639,711,536,1.9281356
TS_0003.mrc,393,663,560,1.9264576
TS_0003.mrc,159,521,546,1.9263186
TS_0003.mrc,81,341,496,1.9250088
TS_0003.mrc,401,307,498,1.9244089
TS_0003.mrc,874,39,472,1.9214125
TS_0003.mrc,755,184,466,1.9213536
TS_0003.mrc,393,275,472,1.9212034
TS_0003.mrc,205,773,510,1.9204707
TS_0003.mrc,257,255,485,1.9194415
TS_0003.mrc,307,561,468,1.9189608
TS_0003.mrc,881,80,416,1.9174824
TS_0003.mrc,39,534,475,1.9155803
TS_0003.mrc,617,271,420,1.9153991
TS_0003.mrc,417,231,490,1.9151926
TS_0003.mrc,370,610,521,1.9114721
TS_0003.mrc,517,517,520,1.9109788
TS_0003.mrc,569,185,490,1.908577
TS_0003.mrc,803,449,516,1.9064496
TS_0003.mrc,563,485,510,1.9044685
TS_0003.mrc,227,353,484,1.903424
TS_0003.mrc,355,607,496,1.9029851
TS_0003.mrc,297,827,596,1.9026225
TS_0003.mrc,821,321,424,1.8980587
TS_0003.mrc,489,128,448,1.8957138
TS_0003.mrc,87,81,486,1.8938015
TS_0003.mrc,223,388,450,1.8936415
TS_0003.mrc,271,541,464,1.8923893
TS_0003.mrc,571,857,508,1.8896778
TS_0003.mrc,367,7,394,1.8886983
TS_0003.mrc,469,759,570,1.8868551
TS_0003.mrc,41,750,510,1.8835509
TS_0003.mrc,341,569,486,1.8835402
TS_0003.mrc,803,417,474,1.8810875
TS_0003.mrc,515,833,522,1.8808787
TS_0003.mrc,19,587,514,1.8788521
TS_0003.mrc,273,683,562,1.8773801
TS_0003.mrc,245,543,518,1.875282
TS_0003.mrc,379,609,546,1.8733776
TS_0003.mrc,487,821,558,1.873373
TS_0003.mrc,851,201,426,1.872894
TS_0003.mrc,853,203,402,1.8717971
TS_0003.mrc,397,161,486,1.8704526
TS_0003.mrc,208,760,589,1.8691938
TS_0003.mrc,299,329,470,1.8686833
TS_0003.mrc,591,803,582,1.8678198
TS_0003.mrc,497,377,464,1.8678105
TS_0003.mrc,731,159,438,1.8674471
TS_0003.mrc,89,703,510,1.8669915
TS_0003.mrc,435,369,446,1.865427
TS_0003.mrc,277,347,476,1.8652656
TS_0003.mrc,19,496,522,1.8652043
TS_0003.mrc,607,391,518,1.8643799
TS_0003.mrc,317,379,516,1.8627193
TS_0003.mrc,283,631,510,1.8611102
TS_0003.mrc,545,905,570,1.8608973
TS_0003.mrc,565,583,544,1.8570554
TS_0003.mrc,395,901,558,1.8558497
TS_0003.mrc,367,827,594,1.8557708
TS_0003.mrc,781,223,442,1.854491
TS_0003.mrc,701,873,520,1.8537276
TS_0003.mrc,583,635,508,1.8527226
TS_0003.mrc,67,277,444,1.8527122
TS_0003.mrc,355,107,462,1.852437
TS_0003.mrc,635,857,584,1.8512688
TS_0003.mrc,153,57,462,1.8505218
TS_0003.mrc,879,103,442,1.8495703
TS_0003.mrc,425,39,466,1.8488846
TS_0003.mrc,307,857,546,1.8466527
TS_0003.mrc,351,833,546,1.8433173
TS_0003.mrc,391,489,476,1.843271
TS_0003.mrc,101,9,424,1.8429282
TS_0003.mrc,690,655,472,1.8427474
TS_0003.mrc,135,109,450,1.8425796
TS_0003.mrc,835,207,492,1.8420222
TS_0003.mrc,811,137,402,1.8414936
TS_0003.mrc,631,103,426,1.84077
TS_0003.mrc,787,327,472,1.8404238
TS_0003.mrc,269,365,512,1.8383021
TS_0003.mrc,307,355,444,1.8356314
TS_0003.mrc,437,391,442,1.8355682
TS_0003.mrc,137,663,522,1.8346086
TS_0003.mrc,485,587,488,1.8291354
TS_0003.mrc,810,300,516,1.8261516
TS_0003.mrc,417,855,592,1.825012
TS_0003.mrc,33,487,520,1.8199778
TS_0003.mrc,833,295,462,1.8158708
TS_0003.mrc,751,679,570,1.8157649
TS_0003.mrc,116,665,498,1.8155751
TS_0003.mrc,545,257,470,1.8146765
TS_0003.mrc,587,753,522,1.8145735
TS_0003.mrc,135,413,466,1.81342
TS_0003.mrc,589,871,510,1.8114121
TS_0003.mrc,205,273,444,1.8096647
TS_0003.mrc,571,751,584,1.8086119
TS_0003.mrc,251,377,440,1.8085108
TS_0003.mrc,849,255,498,1.8082578
TS_0003.mrc,153,611,534,1.8077393
TS_0003.mrc,755,101,438,1.8068454
TS_0003.mrc,303,667,534,1.8062661
TS_0003.mrc,35,581,474,1.8038425
TS_0003.mrc,355,29,520,1.801568
TS_0003.mrc,297,345,472,1.7999091
TS_0003.mrc,521,269,522,1.7947118
TS_0003.mrc,870,55,466,1.7941306
TS_0003.mrc,513,139,462,1.7920887
TS_0003.mrc,377,593,510,1.7917066
TS_0003.mrc,639,641,546,1.78809
TS_0003.mrc,63,881,560,1.7870297
TS_0003.mrc,691,663,498,1.7859633
TS_0003.mrc,185,665,514,1.7847688
TS_0003.mrc,711,615,474,1.7837772
TS_0003.mrc,436,858,629,1.7826004
TS_0003.mrc,585,663,490,1.7821903
TS_0003.mrc,303,711,534,1.7820723
TS_0003.mrc,259,707,582,1.7817159
TS_0003.mrc,371,783,546,1.7813776
TS_0003.mrc,587,855,586,1.7789721
TS_0003.mrc,899,37,437,1.7777491
TS_0003.mrc,273,366,472,1.7750411
TS_0003.mrc,753,60,471,1.7734056
TS_0003.mrc,245,638,571,1.7718339
TS_0003.mrc,655,401,516,1.7716646
TS_0003.mrc,225,391,474,1.7705569
TS_0003.mrc,355,539,522,1.7696495
TS_0003.mrc,831,203,448,1.769156
TS_0003.mrc,763,233,514,1.7676537
TS_0003.mrc,857,38,392,1.7662759
TS_0003.mrc,377,855,584,1.7654815
TS_0003.mrc,177,593,521,1.764745
TS_0003.mrc,775,105,412,1.7620623
TS_0003.mrc,571,373,498,1.7610149
TS_0003.mrc,421,225,462,1.7578359
TS_0003.mrc,499,322,512,1.7567306
TS_0003.mrc,833,279,448,1.7566242
TS_0003.mrc,281,355,450,1.7560711
TS_0003.mrc,781,401,542,1.7543948
TS_0003.mrc,65,689,514,1.754252
TS_0003.mrc,667,587,464,1.7542202
TS_0003.mrc,353,296,486,1.7512105
TS_0003.mrc,475,331,486,1.7501636
TS_0003.mrc,739,107,450,1.74911
TS_0003.mrc,417,413,519,1.7478416
TS_0003.mrc,629,61,424,1.7436225
TS_0003.mrc,613,633,562,1.7434471
TS_0003.mrc,37,234,545,1.7429371
TS_0003.mrc,873,129,444,1.7429049
TS_0003.mrc,857,181,426,1.742388
TS_0003.mrc,581,133,426,1.7401142
TS_0003.mrc,775,129,468,1.7387984
TS_0003.mrc,583,417,450,1.7375679
TS_0003.mrc,437,379,488,1.7365422
TS_0003.mrc,687,921,610,1.7364218
TS_0003.mrc,805,149,488,1.7358885
TS_0003.mrc,739,41,444,1.7339463
TS_0003.mrc,443,471,524,1.7339373
TS_0003.mrc,857,111,486,1.7337415
TS_0003.mrc,367,196,426,1.7329247
TS_0003.mrc,427,317,492,1.7324543
TS_0003.mrc,157,881,536,1.7317541
TS_0003.mrc,347,535,476,1.7316389
TS_0003.mrc,347,421,448,1.7310755
TS_0003.mrc,389,611,498,1.729708
TS_0003.mrc,77,513,460,1.7295463
TS_0003.mrc,125,7,448,1.7295341
TS_0003.mrc,379,779,498,1.725975
TS_0003.mrc,541,807,544,1.7256775
TS_0003.mrc,403,327,466,1.7248275
TS_0003.mrc,415,492,521,1.7245831
TS_0003.mrc,255,905,566,1.7241397
TS_0003.mrc,543,899,538,1.7239864
TS_0003.mrc,396,107,476,1.7224238
TS_0003.mrc,124,87,460,1.7222786
TS_0003.mrc,445,807,582,1.7219341
TS_0003.mrc,583,451,514,1.7214975
TS_0003.mrc,371,413,542,1.7212079
TS_0003.mrc,461,369,490,1.7211998
TS_0003.mrc,583,775,494,1.7209101
TS_0003.mrc,443,893,582,1.720304
TS_0003.mrc,255,875,582,1.7192762
TS_0003.mrc,749,517,474,1.7188768
TS_0003.mrc,203,183,448,1.7182469
TS_0003.mrc,421,869,656,1.7172186
TS_0003.mrc,301,581,522,1.7165079
TS_0003.mrc,393,87,426,1.7160513
TS_0003.mrc,401,895,594,1.715435
TS_0003.mrc,847,229,450,1.7152538
TS_0003.mrc,737,187,474,1.7147131
TS_0003.mrc,225,137,425,1.714303
TS_0003.mrc,425,903,582,1.712868
TS_0003.mrc,661,331,510,1.712857
TS_0003.mrc,426,664,571,1.7123184
TS_0003.mrc,451,325,520,1.7118189
TS_0003.mrc,517,301,474,1.7110355
TS_0003.mrc,211,41,422,1.7092445
TS_0003.mrc,443,251,486,1.7067382
TS_0003.mrc,395,389,496,1.7062814
TS_0003.mrc,787,391,522,1.7061887
TS_0003.mrc,511,103,452,1.7051599
TS_0003.mrc,559,221,488,1.7032578
TS_0003.mrc,661,539,490,1.7030911
TS_0003.mrc,259,593,540,1.7002585
TS_0003.mrc,567,319,532,1.6991484
TS_0003.mrc,785,493,490,1.6942394
TS_0003.mrc,185,783,540,1.6938183
TS_0003.mrc,85,609,566,1.6930032
TS_0003.mrc,377,893,534,1.6922221
TS_0003.mrc,641,249,464,1.6920719
TS_0003.mrc,461,229,490,1.690203
TS_0003.mrc,543,253,486,1.6884321
TS_0003.mrc,365,293,448,1.6882077
TS_0003.mrc,85,159,440,1.6879402
TS_0003.mrc,661,513,510,1.6875645
TS_0003.mrc,379,705,520,1.6851673
TS_0003.mrc,637,33,442,1.6847101
TS_0003.mrc,9,591,542,1.6806237
TS_0003.mrc,689,135,402,1.6776989
TS_0003.mrc,229,833,586,1.676492
TS_0003.mrc,689,273,522,1.6764276
TS_0003.mrc,499,667,492,1.6756626
TS_0003.mrc,557,135,444,1.6753154
TS_0003.mrc,43,787,522,1.6746168
TS_0003.mrc,635,421,532,1.6735171
TS_0003.mrc,249,31,424,1.6722958
TS_0003.mrc,161,445,466,1.6699116
TS_0003.mrc,783,377,470,1.6692502
TS_0003.mrc,85,125,470,1.6676482
TS_0003.mrc,296,659,474,1.6675979
TS_0003.mrc,591,319,451,1.6665448
TS_0003.mrc,595,299,496,1.6663744
TS_0003.mrc,879,61,396,1.663689
TS_0003.mrc,609,733,584,1.6634879
TS_0003.mrc,875,35,490,1.6622592
TS_0003.mrc,713,803,594,1.6616606
TS_0003.mrc,691,737,496,1.6608698
TS_0003.mrc,665,569,466,1.6602204
TS_0003.mrc,349,281,522,1.65955
TS_0003.mrc,474,522,561,1.6580014
TS_0003.mrc,13,461,512,1.6579621
TS_0003.mrc,390,173,426,1.657732
TS_0003.mrc,857,111,448,1.6575954
TS_0003.mrc,779,275,474,1.6571275
TS_0003.mrc,61,277,520,1.6564412
TS_0003.mrc,569,35,400,1.6559899
TS_0003.mrc,635,563,536,1.6559587
TS_0003.mrc,705,781,590,1.6556957
TS_0003.mrc,397,249,496,1.6544367
TS_0003.mrc,499,301,494,1.6533101
TS_0003.mrc,663,17,422,1.6527684
TS_0003.mrc,107,323,444,1.6509407
TS_0003.mrc,365,567,492,1.6491598
TS_0003.mrc,821,347,494,1.6471359
TS_0003.mrc,139,15,464,1.6460679
TS_0003.mrc,447,545,498,1.645572
TS_0003.mrc,187,153,534,1.6430898
TS_0003.mrc,614,301,418,1.6424885
TS_0003.mrc,811,277,466,1.6416079
TS_0003.mrc,853,223,474,1.6405134
TS_0003.mrc,731,631,486,1.640136
TS_0003.mrc,801,469,494,1.6398331
TS_0003.mrc,295,371,448,1.638377
TS_0003.mrc,219,489,516,1.6381077
TS_0003.mrc,179,271,476,1.6352258
TS_0003.mrc,893,57,444,1.6347262
TS_0003.mrc,230,798,594,1.6338805
TS_0003.mrc,451,491,540,1.6331633
TS_0003.mrc,302,184,485,1.632328
TS_0003.mrc,495,223,474,1.6313922
TS_0003.mrc,665,55,462,1.6304787
TS_0003.mrc,247,509,470,1.6294806
TS_0003.mrc,77,543,540,1.6289132
TS_0003.mrc,77,801,522,1.6288738
TS_0003.mrc,707,851,520,1.6288606
TS_0003.mrc,727,473,462,1.6287246
TS_0003.mrc,535,79,470,1.6278163
TS_0003.mrc,63,81,474,1.6259187
TS_0003.mrc,475,425,522,1.6256773
TS_0003.mrc,415,197,426,1.6249694
TS_0003.mrc,679,851,566,1.6249353
TS_0003.mrc,247,451,498,1.6245766
TS_0003.mrc,395,725,498,1.621575
TS_0003.mrc,657,495,512,1.6213567
TS_0003.mrc,661,89,438,1.6184523
TS_0003.mrc,595,901,594,1.6170291
TS_0003.mrc,465,259,438,1.6169761
TS_0003.mrc,227,869,558,1.6168135
TS_0003.mrc,519,773,488,1.6166071
TS_0003.mrc,159,473,490,1.6159209
TS_0003.mrc,713,449,546,1.6157848
TS_0003.mrc,113,547,508,1.6144656
TS_0003.mrc,595,899,518,1.6131821
TS_0003.mrc,499,713,558,1.6130682
TS_0003.mrc,79,619,510,1.6123614
TS_0003.mrc,395,687,522,1.6122713
TS_0003.mrc,55,785,580,1.6117169
TS_0003.mrc,159,465,536,1.6111252
TS_0003.mrc,420,450,474,1.6104017
TS_0003.mrc,31,41,472,1.6089394
TS_0003.mrc,651,41,466,1.6081887
TS_0003.mrc,303,775,498,1.6066053
TS_0003.mrc,425,713,570,1.6058607
TS_0003.mrc,425,379,514,1.6053237
TS_0003.mrc,489,897,522,1.604417
TS_0003.mrc,569,178,426,1.6039797
TS_0003.mrc,595,775,570,1.603271
TS_0003.mrc,489,249,474,1.6029963
TS_0003.mrc,445,709,569,1.602356
TS_0003.mrc,235,607,510,1.6019324
TS_0003.mrc,249,653,476,1.5988277
TS_0003.mrc,141,485,508,1.5985881
TS_0003.mrc,811,373,514,1.5978808
TS_0003.mrc,463,591,494,1.5976017
TS_0003.mrc,101,233,464,1.596993
TS_0003.mrc,125,275,438,1.5961462
TS_0003.mrc,463,463,500,1.5948353
TS_0003.mrc,364,760,561,1.5926979
TS_0003.mrc,497,173,496,1.590993
TS_0003.mrc,763,511,448,1.5901053
TS_0003.mrc,763,297,486,1.5896733
TS_0003.mrc,303,559,536,1.5887316
TS_0003.mrc,523,905,594,1.5878812
TS_0003.mrc,751,681,582,1.5866703
TS_0003.mrc,115,751,542,1.5834849
TS_0003.mrc,133,397,498,1.5831172
TS_0003.mrc,581,397,462,1.5826266
TS_0003.mrc,223,727,580,1.5822381
TS_0003.mrc,541,253,498,1.5817872
TS_0003.mrc,613,510,522,1.5801166
TS_0003.mrc,3,881,510,1.5786072
TS_0003.mrc,539,37,420,1.5760485
TS_0003.mrc,345,401,540,1.5759099
TS_0003.mrc,635,661,524,1.575647
TS_0003.mrc,307,703,496,1.5754046
TS_0003.mrc,258,280,496,1.5752379
TS_0003.mrc,391,773,544,1.573094
TS_0003.mrc,509,364,448,1.572445
TS_0003.mrc,355,641,518,1.5714895
TS_0003.mrc,367,347,536,1.5713439
TS_0003.mrc,460,415,522,1.5710233
TS_0003.mrc,246,374,476,1.5685904
TS_0003.mrc,683,151,464,1.5678862
TS_0003.mrc,519,280,488,1.5662937
TS_0003.mrc,595,773,518,1.5639081
TS_0003.mrc,639,833,562,1.5628777
TS_0003.mrc,187,545,486,1.5624894
TS_0003.mrc,260,469,498,1.5622605
TS_0003.mrc,685,831,594,1.5607665
TS_0003.mrc,209,419,459,1.5577494
TS_0003.mrc,305,543,518,1.5555967
TS_0003.mrc,319,437,488,1.5550781
TS_0003.mrc,853,135,462,1.5521437
TS_0003.mrc,343,485,486,1.5504831
TS_0003.mrc,685,713,584,1.550424
TS_0003.mrc,827,325,534,1.5495396
TS_0003.mrc,294,604,534,1.5490341
TS_0003.mrc,375,271,510,1.5488375
TS_0003.mrc,297,395,484,1.546766
TS_0003.mrc,727,629,546,1.5464443
TS_0003.mrc,801,460,546,1.545801
TS_0003.mrc,133,319,494,1.5455323
TS_0003.mrc,641,811,516,1.5444952
TS_0003.mrc,252,198,489,1.5438477
TS_0003.mrc,139,81,422,1.5437578
TS_0003.mrc,441,297,474,1.5427414
TS_0003.mrc,195,797,498,1.5424104
TS_0003.mrc,567,605,498,1.5409647
TS_0003.mrc,781,331,492,1.5402457
TS_0003.mrc,657,351,425,1.5397508
TS_0003.mrc,513,807,594,1.5395073
TS_0003.mrc,665,15,440,1.5383848
TS_0003.mrc,188,491,474,1.5377598
TS_0003.mrc,83,845,542,1.5373604
TS_0003.mrc,177,567,558,1.536578
TS_0003.mrc,657,873,580,1.534875
TS_0003.mrc,635,89,474,1.5343219
TS_0003.mrc,619,665,544,1.5332532
TS_0003.mrc,355,461,514,1.5314213
TS_0003.mrc,89,857,548,1.5310781
TS_0003.mrc,753,301,426,1.5304493
TS_0003.mrc,811,353,424,1.5299374
TS_0003.mrc,271,403,510,1.5281502
TS_0003.mrc,345,303,498,1.5277075
TS_0003.mrc,508,294,424,1.5272676
TS_0003.mrc,183,751,580,1.5256585
TS_0003.mrc,319,341,464,1.5254862
TS_0003.mrc,665,321,484,1.522492
TS_0003.mrc,515,367,464,1.5217531
TS_0003.mrc,257,379,488,1.5216258
TS_0003.mrc,845,159,484,1.5215095
TS_0003.mrc,663,701,542,1.5206455
TS_0003.mrc,443,751,492,1.5195938
TS_0003.mrc,107,545,488,1.5188794
TS_0003.mrc,374,131,486,1.5186404
TS_0003.mrc,277,823,592,1.5180054
TS_0003.mrc,377,490,498,1.517915
TS_0003.mrc,281,615,562,1.5178448
TS_0003.mrc,779,441,522,1.5154048
TS_0003.mrc,833,223,498,1.5131613
TS_0003.mrc,587,557,538,1.513062
TS_0003.mrc,825,319,462,1.5124627
TS_0003.mrc,175,79,440,1.5119948
TS_0003.mrc,715,401,438,1.5119872
TS_0003.mrc,340,292,475,1.5104764
TS_0003.mrc,801,161,440,1.5090591
TS_0003.mrc,635,522,474,1.5079603
TS_0003.mrc,737,731,582,1.5074483
TS_0003.mrc,401,681,570,1.5060513
TS_0003.mrc,633,811,538,1.5054277
TS_0003.mrc,187,545,538,1.5053437
TS_0003.mrc,125,543,536,1.504655
TS_0003.mrc,641,713,570,1.5036638
TS_0003.mrc,709,299,483,1.5036423
TS_0003.mrc,91,497,490,1.5030905
TS_0003.mrc,497,307,472,1.5003091
TS_0003.mrc,31,461,544,1.4997809
TS_0003.mrc,173,511,484,1.4997759
TS_0003.mrc,203,227,461,1.4979887
TS_0003.mrc,347,517,484,1.4979513
TS_0003.mrc,401,269,574,1.4972844
TS_0003.mrc,847,321,420,1.4970751
TS_0003.mrc,352,638,571,1.4967113
TS_0003.mrc,139,799,510,1.4954784
TS_0003.mrc,683,139,486,1.4952891
TS_0003.mrc,309,245,486,1.4940583
TS_0003.mrc,87,541,522,1.4939681
TS_0003.mrc,725,775,514,1.492659
TS_0003.mrc,537,129,436,1.4922509
TS_0003.mrc,329,301,516,1.4921132
TS_0003.mrc,343,345,500,1.4910669
TS_0003.mrc,139,725,556,1.488835
TS_0003.mrc,321,519,460,1.4883403
TS_0003.mrc,219,849,620,1.4882039
TS_0003.mrc,373,631,474,1.4882011
TS_0003.mrc,543,227,414,1.4881842
TS_0003.mrc,607,393,498,1.4873343
TS_0003.mrc,849,151,460,1.4867301
TS_0003.mrc,519,253,498,1.4867179
TS_0003.mrc,589,421,472,1.4853247
TS_0003.mrc,843,271,522,1.4851863
TS_0003.mrc,617,857,568,1.4848223
TS_0003.mrc,175,739,498,1.4845368
TS_0003.mrc,231,567,497,1.482907
TS_0003.mrc,259,633,510,1.4811534
TS_0003.mrc,495,593,514,1.4798442
TS_0003.mrc,371,728,564,1.4796188
TS_0003.mrc,619,257,486,1.4789197
TS_0003.mrc,679,731,570,1.4776309
TS_0003.mrc,413,303,462,1.4768808
TS_0003.mrc,65,9,438,1.4759247
TS_0003.mrc,667,661,510,1.475873
TS_0003.mrc,737,377,508,1.4751495
TS_0003.mrc,373,871,592,1.4749954
TS_0003.mrc,316,342,446,1.4747934
TS_0003.mrc,283,413,490,1.471855
TS_0003.mrc,233,302,498,1.4712639
TS_0003.mrc,403,511,486,1.4688926
TS_0003.mrc,775,467,444,1.4661032
TS_0003.mrc,511,103,402,1.4656037
TS_0003.mrc,327,247,514,1.463639
TS_0003.mrc,511,85,426,1.4636195
TS_0003.mrc,65,851,558,1.463525
TS_0003.mrc,801,161,498,1.4629387
TS_0003.mrc,210,655,498,1.4627991
TS_0003.mrc,611,227,450,1.4625098
TS_0003.mrc,235,689,490,1.4618151
TS_0003.mrc,439,489,474,1.4602697
TS_0003.mrc,497,758,510,1.4595939
TS_0003.mrc,85,629,560,1.4595655
TS_0003.mrc,605,280,562,1.4590322
TS_0003.mrc,810,393,462,1.457931
TS_0003.mrc,343,415,540,1.4575514
TS_0003.mrc,729,418,437,1.4574181
TS_0003.mrc,439,757,586,1.4556917
TS_0003.mrc,519,395,468,1.4554085
TS_0003.mrc,259,881,566,1.4547061
TS_0003.mrc,307,785,522,1.4545994
TS_0003.mrc,685,899,546,1.4541329
TS_0003.mrc,257,691,542,1.4540914
TS_0003.mrc,875,133,488,1.4538167
TS_0003.mrc,255,353,522,1.4534689
TS_0003.mrc,151,569,508,1.4530402
TS_0003.mrc,631,379,486,1.4516693
TS_0003.mrc,511,379,490,1.4516413
TS_0003.mrc,107,761,498,1.4507872
TS_0003.mrc,615,633,520,1.4505509
TS_0003.mrc,485,543,518,1.44999
TS_0003.mrc,259,829,582,1.449758
TS_0003.mrc,343,222,426,1.4487029
TS_0003.mrc,729,757,542,1.4485068
TS_0003.mrc,882,87,438,1.4481381
TS_0003.mrc,667,303,484,1.4467953
TS_0003.mrc,297,727,570,1.4467344
TS_0003.mrc,135,221,514,1.4465703
TS_0003.mrc,183,568,544,1.4446689
TS_0003.mrc,652,199,492,1.4437282
TS_0003.mrc,259,757,490,1.442751
TS_0003.mrc,329,585,556,1.4425755
TS_0003.mrc,297,275,449,1.4417126
TS_0003.mrc,641,803,558,1.4416884
TS_0003.mrc,397,619,546,1.4407396
TS_0003.mrc,535,201,474,1.4377528
TS_0003.mrc,493,881,548,1.4373523
TS_0003.mrc,581,827,558,1.4360607
TS_0003.mrc,638,798,545,1.4354115
TS_0003.mrc,67,111,524,1.4352152
TS_0003.mrc,833,153,396,1.4350115
TS_0003.mrc,443,678,524,1.4344548
TS_0003.mrc,654,451,500,1.433737
TS_0003.mrc,257,773,544,1.4329706
TS_0003.mrc,493,224,450,1.4325136
TS_0003.mrc,761,364,475,1.4308172
TS_0003.mrc,355,281,472,1.4306462
TS_0003.mrc,443,608,520,1.4296561
TS_0003.mrc,797,347,498,1.4272484
TS_0003.mrc,365,423,498,1.4267313
TS_0003.mrc,115,875,542,1.4266182
TS_0003.mrc,655,613,462,1.4259601
TS_0003.mrc,727,521,538,1.4259537
TS_0003.mrc,687,389,524,1.425479
TS_0003.mrc,125,245,486,1.4252603
TS_0003.mrc,249,617,509,1.4245269
TS_0003.mrc,593,487,520,1.4227346
TS_0003.mrc,91,513,522,1.4220939
TS_0003.mrc,227,513,540,1.4215825
TS_0003.mrc,379,89,450,1.4191296
TS_0003.mrc,513,294,522,1.418842
TS_0003.mrc,567,785,488,1.417327
TS_0003.mrc,681,801,558,1.4167523
TS_0003.mrc,441,197,444,1.4163135
TS_0003.mrc,417,275,426,1.4160755
TS_0003.mrc,175,611,570,1.4157374
TS_0003.mrc,247,397,520,1.4143524
TS_0003.mrc,275,811,498,1.4138137
TS_0003.mrc,521,665,566,1.4130931
TS_0003.mrc,345,849,560,1.4130232
TS_0003.mrc,292,232,463,1.4127116
TS_0003.mrc,415,347,444,1.4121559
TS_0003.mrc,209,687,490,1.4115288
TS_0003.mrc,391,545,490,1.410807
TS_0003.mrc,391,829,558,1.4103996
TS_0003.mrc,181,735,538,1.4097015
TS_0003.mrc,331,251,426,1.4069918
TS_0003.mrc,737,246,450,1.4064918
TS_0003.mrc,537,196,444,1.4059416
TS_0003.mrc,687,918,586,1.4013758
TS_0003.mrc,563,547,534,1.3999476
TS_0003.mrc,109,486,468,1.3994045
TS_0003.mrc,859,159,400,1.3991656
TS_0003.mrc,303,253,512,1.3990993
TS_0003.mrc,271,227,510,1.3990673
TS_0003.mrc,129,859,546,1.397542
TS_0003.mrc,103,809,522,1.3972228
TS_0003.mrc,283,329,490,1.3964429
TS_0003.mrc,659,535,450,1.3938261
TS_0003.mrc,9,737,492,1.3931512
TS_0003.mrc,667,583,522,1.3931129
TS_0003.mrc,85,729,558,1.391891
TS_0003.mrc,779,198,516,1.3909158
TS_0003.mrc,249,571,490,1.3901553
TS_0003.mrc,569,739,488,1.3897474
TS_0003.mrc,103,893,546,1.389692
TS_0003.mrc,229,785,570,1.3894981
TS_0003.mrc,327,29,426,1.388939
TS_0003.mrc,152,495,534,1.3888023
TS_0003.mrc,173,327,514,1.3874191
TS_0003.mrc,401,873,536,1.3871956
TS_0003.mrc,519,539,486,1.3846042
TS_0003.mrc,231,245,470,1.3840845
TS_0003.mrc,715,489,490,1.3840287
TS_0003.mrc,652,65,462,1.3836987
TS_0003.mrc,851,131,425,1.3833976
TS_0003.mrc,616,829,568,1.3824995
TS_0003.mrc,421,437,546,1.3818779
TS_0003.mrc,713,657,498,1.3815984
TS_0003.mrc,619,389,450,1.3801847
TS_0003.mrc,809,367,426,1.3801674
TS_0003.mrc,277,449,536,1.3794208
TS_0003.mrc,715,279,492,1.3779589
TS_0003.mrc,707,849,534,1.3777524
TS_0003.mrc,536,276,451,1.3766093
TS_0003.mrc,61,739,533,1.3764875
TS_0003.mrc,235,639,522,1.3759975
TS_0003.mrc,565,619,566,1.3753816
TS_0003.mrc,115,829,548,1.3751537
TS_0003.mrc,268,519,522,1.3751305
TS_0003.mrc,363,907,522,1.3728085
TS_0003.mrc,823,343,510,1.3725789
TS_0003.mrc,427,443,452,1.3724674
TS_0003.mrc,443,301,520,1.3716099
TS_0003.mrc,123,487,534,1.3708949
TS_0003.mrc,705,753,488,1.3702136
TS_0003.mrc,44,737,490,1.3695271
TS_0003.mrc,871,156,514,1.369283
TS_0003.mrc,607,760,496,1.3689632
TS_0003.mrc,427,185,426,1.3648171
TS_0003.mrc,471,155,462,1.3621722
TS_0003.mrc,461,206,444,1.3613665
TS_0003.mrc,91,89,446,1.3612041
TS_0003.mrc,277,421,514,1.361091
TS_0003.mrc,247,582,558,1.3597096
TS_0003.mrc,637,881,516,1.3593202
TS_0003.mrc,235,656,560,1.3578739
TS_0003.mrc,715,689,544,1.3577901
TS_0003.mrc,833,299,496,1.3558825
TS_0003.mrc,151,33,450,1.3555431
TS_0003.mrc,187,613,536,1.355168
TS_0003.mrc,81,279,470,1.3545387
TS_0003.mrc,417,569,570,1.3540509
TS_0003.mrc,379,437,540,1.353103
TS_0003.mrc,475,515,472,1.3515426
TS_0003.mrc,223,301,468,1.3513557
TS_0003.mrc,445,253,440,1.3506432
TS_0003.mrc,293,569,474,1.3499656
TS_0003.mrc,235,395,449,1.3494352
TS_0003.mrc,445,201,485,1.3469528
TS_0003.mrc,591,225,510,1.34579
TS_0003.mrc,37,235,574,1.3451312
TS_0003.mrc,567,29,464,1.3448838
TS_0003.mrc,613,825,520,1.3426309
TS_0003.mrc,777,91,474,1.3406371
TS_0003.mrc,475,179,450,1.3402542
TS_0003.mrc,79,606,494,1.3398333
TS_0003.mrc,509,737,536,1.3396046
TS_0003.mrc,397,707,488,1.3395357
TS_0003.mrc,272,735,500,1.3381821
TS_0003.mrc,19,463,494,1.3378371
TS_0003.mrc,109,271,486,1.3374388
TS_0003.mrc,127,639,500,1.3373386
TS_0003.mrc,733,631,568,1.3359656
TS_0003.mrc,163,737,564,1.335181
TS_0003.mrc,391,128,486,1.3350662
TS_0003.mrc,223,493,546,1.3349657
TS_0003.mrc,283,493,464,1.3347707
TS_0003.mrc,419,657,486,1.3344544
TS_0003.mrc,233,395,507,1.3337821
TS_0003.mrc,559,797,544,1.3331858
TS_0003.mrc,223,201,466,1.3325751
TS_0003.mrc,231,853,592,1.3325084
TS_0003.mrc,5,559,532,1.3308468
TS_0003.mrc,421,777,509,1.3307598
TS_0003.mrc,569,677,508,1.3297259
TS_0003.mrc,657,727,568,1.3295879
TS_0003.mrc,469,175,512,1.3242519
TS_0003.mrc,41,774,510,1.3239015
TS_0003.mrc,235,443,468,1.3231779
TS_0003.mrc,367,307,486,1.32174
TS_0003.mrc,353,617,510,1.3185135
TS_0003.mrc,471,137,486,1.3185021
TS_0003.mrc,547,299,486,1.3183059
TS_0003.mrc,469,221,464,1.3178318
TS_0003.mrc,415,517,498,1.3174509
TS_0003.mrc,739,29,470,1.3171766
TS_0003.mrc,307,895,546,1.3153263
TS_0003.mrc,661,349,483,1.3138747
TS_0003.mrc,127,607,562,1.3138307
TS_0003.mrc,593,731,486,1.3135629
TS_0003.mrc,491,867,634,1.3134642
TS_0003.mrc,809,103,426,1.3115423
TS_0003.mrc,7,619,532,1.3086884
TS_0003.mrc,731,663,558,1.3080662
TS_0003.mrc,135,297,496,1.3076531
TS_0003.mrc,805,67,416,1.3045461
TS_0003.mrc,557,879,560,1.3044114
TS_0003.mrc,275,893,518,1.3043286
TS_0003.mrc,179,441,500,1.3037523
TS_0003.mrc,523,567,462,1.3028923
TS_0003.mrc,603,151,472,1.3018879
TS_0003.mrc,173,681,568,1.3013446
TS_0003.mrc,709,105,402,1.3012373
TS_0003.mrc,809,369,438,1.3004106
TS_0003.mrc,109,491,507,1.2995511
TS_0003.mrc,465,273,514,1.2991133
TS_0003.mrc,753,89,473,1.298498
TS_0003.mrc,779,269,461,1.295623
TS_0003.mrc,276,664,497,1.2948209
TS_0003.mrc,663,255,450,1.2947289
TS_0003.mrc,643,253,426,1.2942314
TS_0003.mrc,207,707,582,1.2939701
TS_0003.mrc,342,367,488,1.293795
TS_0003.mrc,605,877,546,1.2932277
TS_0003.mrc,451,535,514,1.2920061
TS_0003.mrc,375,207,510,1.2912512
TS_0003.mrc,403,537,486,1.291028
TS_0003.mrc,127,591,546,1.290428
TS_0003.mrc,389,667,486,1.2901132
TS_0003.mrc,487,569,488,1.287441
TS_0003.mrc,760,28,416,1.28609
TS_0003.mrc,509,227,449,1.2860497
TS_0003.mrc,657,797,586,1.2856597
TS_0003.mrc,401,729,524,1.2841743
TS_0003.mrc,17,499,509,1.2835963
TS_0003.mrc,443,253,472,1.2812668
TS_0003.mrc,617,591,488,1.280765
TS_0003.mrc,229,593,562,1.2804129
TS_0003.mrc,292,761,568,1.2796905
TS_0003.mrc,367,7,522,1.2796274
TS_0003.mrc,148,828,498,1.2793427
TS_0003.mrc,331,635,574,1.2792733
TS_0003.mrc,809,399,508,1.27885
TS_0003.mrc,129,37,420,1.2781607
TS_0003.mrc,151,17,442,1.2774634
TS_0003.mrc,827,325,509,1.2774628
TS_0003.mrc,303,379,498,1.2765769
TS_0003.mrc,617,755,534,1.276529
TS_0003.mrc,519,803,498,1.275745
TS_0003.mrc,275,301,426,1.2743049
TS_0003.mrc,306,445,476,1.2741961
TS_0003.mrc,449,715,618,1.2739053
